,0,1,2,3,4,5,6,7,8,9,10,11,12,13,14,15,16,17,18,19,20,21,22,23,24,25,26,27,28,29,30,31,32,33,34,35,36,37,38,39,40,41,42,43,44,45,46,47,48,49,50,51,52,53,54,55,56,57,58,59,60,61,62,63,node_type
unsure,0.04710636,0.086859696,0.04142788,0.028580423,0.04332531,0.08137456,0.0616603,-0.041474387,-0.05348096,0.04235851,-0.059352934,-0.04628245,-0.06991146,0.0050177225,-0.09959732,-0.019457718,-0.22486356,-0.08820903,0.19288678,0.16080093,0.24370405,0.14889649,0.22636427,-0.022924207,0.16261114,-0.048120942,0.027918851,0.04400982,0.05166894,0.021820296,0.0741113,-0.056176074,0.021127852,-0.045283586,-0.018083667,0.0144715505,0.11394761,0.044792525,0.027817646,-0.0363744,-0.025645941,0.0075203436,0.0018134281,-0.18022825,0.12314312,0.096926294,-0.108821765,-0.075698875,-0.01670999,0.02677531,-0.186837,0.05541602,0.11341812,0.0318606,-0.0367994,0.03442896,0.11751794,-0.19296367,-0.101315476,0.16714963,-0.09077895,-0.10149553,-0.028599469,0.12172365,stance
pro-Ukraine,0.052470725,-0.012882612,-0.01760183,0.051176336,0.054099154,-0.24468724,-0.02288339,-0.024619907,-0.056638476,0.0130858645,0.07641748,0.04346701,-0.09935133,0.0071250703,0.036700044,-0.011581145,0.02495979,-0.09524184,-0.05436288,0.27893835,0.22895731,0.24497445,0.060504846,-0.13084288,0.117741324,0.09928453,-0.12624912,0.0074137524,0.23309562,-0.010285491,-0.024441343,0.0694652,-0.11287325,0.06969708,-0.18203759,0.025550958,0.07267113,-0.060441405,0.12999846,-0.043263275,-0.06310321,0.1750629,-0.002263432,0.04981789,0.102833375,-0.046769112,0.09386787,0.032589924,0.10066439,0.10946798,0.028862072,0.111566976,0.11766697,0.06813919,0.17862864,0.12638888,0.045451064,-0.122991264,0.17514953,0.115286894,-0.03998272,-0.09283046,-0.12377072,-0.09170177,stance
pro-Russia,0.021234496,0.048582282,0.11105882,-0.04488479,-0.022436533,-0.09535342,0.18549147,0.07996349,0.1651525,0.06926852,0.2470544,-0.07023396,-0.026013955,-0.08146981,-0.08141842,-0.022753235,-0.011158909,0.016076345,0.11530298,0.12513275,-0.11891269,0.3195656,0.21833406,-0.008727966,0.10677741,0.19064447,-0.017194869,0.020004354,0.14566159,-0.12991117,0.06603434,-0.20558932,-0.18610342,-0.14548022,-0.13274057,-0.2169691,0.0832044,0.03965995,0.1966516,0.024255764,0.090458766,-0.0747197,0.111005634,-0.019289535,-0.1361158,-0.070066705,-0.027069932,-0.13010785,-0.16454937,0.15166444,0.026994102,0.14597726,0.17237349,0.027548095,0.20190418,0.26606816,-0.07135931,-0.0548341,0.21544258,-0.16254844,0.0568364,-0.09640304,-0.08653627,-0.1424859,stance
Slovakia,0.12920238,-0.113093674,-0.10989818,0.037584834,-0.14416982,0.23179257,-0.03735075,0.089707084,-0.11116209,-0.3785378,-0.17320125,-0.12465382,-0.32484028,0.13479204,0.14015526,0.28121567,-0.013653416,-0.041466586,0.0025775034,0.19023457,-0.045024987,0.121715106,0.14044206,-0.053758286,0.018985786,-0.0745585,-0.047986817,0.09460069,-0.10874802,-0.065072775,0.10491807,-0.1696869,-0.043894228,-0.065936804,-0.11705042,0.014509922,0.05531666,-0.013164674,0.11146265,0.018487278,-0.06358027,-0.28096303,0.05274058,0.10343524,-0.03601929,0.13241732,-0.024329957,-0.24505429,0.20378402,0.2196465,-0.33804333,0.16717958,0.09643778,0.035010323,-0.006557618,0.045862246,0.077467486,-0.15808477,0.086719714,-0.03979084,-0.012528476,-0.01227816,-0.21637544,0.12811673,country
Italy,0.15413296,-0.15272056,0.018201858,0.06750042,0.00887568,-0.099644765,-0.008097797,0.09121523,-0.070679836,-0.08590125,-0.06807936,-0.26297387,-0.20060545,0.030662792,0.031677794,0.19688536,-0.095083095,-0.14320673,0.008754546,0.017570069,0.082756266,0.11627552,0.12193588,0.03363813,0.003173239,-0.06351131,-0.03661772,0.050655853,0.025257122,-0.039884325,0.06392413,-0.06370365,-0.085922085,0.07483803,-0.14171346,0.025909478,0.05028995,0.07351836,0.10967201,0.025273426,-0.17346433,-0.061976783,0.0056543997,-0.06604012,-0.0015358167,-0.023273727,0.0019737622,-0.1407373,0.09073985,0.1206544,-0.04048258,0.12599638,0.06074732,0.07025164,0.026137764,0.010098048,0.07752314,-0.090737924,0.053885236,0.02398771,0.0147955455,-0.10217996,-0.13630478,0.1006371,country
India,-0.07877763,0.11572394,0.14386496,-0.13093211,0.15247583,-0.17978211,0.05982951,0.2205754,0.13450041,0.042000037,0.22789578,-0.17361046,-0.17172971,0.046901908,-0.0029825494,0.07241909,-0.021643223,-0.16949141,-0.089779206,0.17541161,-0.039558854,0.057399504,0.14769211,0.09643398,0.17727078,-0.009531336,0.013440465,0.13607429,0.09810855,-0.09178986,0.082003504,-0.09675848,-0.017951166,0.036880344,-0.08732771,0.08256069,-0.024464523,0.07455263,0.126647,0.23252979,-0.14193007,0.11595294,0.02079074,-0.29266125,-0.049408495,0.17874385,-0.1429316,-0.114831544,0.032558493,-0.03792307,-0.011561938,0.1037783,0.2072113,-0.017010767,-0.11684389,0.087661,0.08181369,-0.0537798,0.060891647,0.0846093,-0.08379012,-0.24509487,0.09658357,0.084726766,country
Czech Republic,0.006766856,-0.016419336,0.033242237,0.047516156,0.046760786,-0.032091174,-0.015479806,0.0049640806,-0.18363398,-0.16032495,-0.008697475,-0.20841582,-0.2276624,0.08133245,-0.020720894,0.1998482,-0.06558749,-0.081321076,0.034756176,0.10977997,0.17974226,0.06387659,0.014200435,-0.0250726,0.056825843,-0.09904421,-0.059227318,-0.058876295,0.03460867,0.025749436,0.101959,-0.15927376,-0.13021864,0.015115051,-0.06091024,-0.081841394,0.12064793,-0.07269347,0.043864,0.1482825,-0.06313555,-0.13284905,0.070452206,-0.09749842,0.0383389,-0.025778074,0.033890292,-0.16690862,0.03153475,0.20035276,-0.09832454,0.08652258,0.01404945,0.025969697,0.071733594,0.08013249,-0.0029587517,-0.074140444,0.03027134,0.076898724,-0.07046576,-0.09209418,-0.07974015,-0.035836615,country
France,-0.036561973,-0.13735189,0.12784846,0.035071082,0.01472629,-0.04984838,0.05502379,-0.04896704,-0.11910977,-0.21248958,0.033266447,-0.14890726,-0.19481009,-0.06939817,0.073505394,0.2938032,-0.034642477,-0.15369357,0.0074493475,0.039192017,0.10336477,0.103378996,0.2003065,-0.04319769,0.0008658613,-0.006753848,0.02452217,-0.0009392266,0.07650272,0.02720562,0.06961948,-0.07409763,-0.081082806,-0.08157417,-0.010170205,-0.07744758,0.06372533,-0.07912579,0.10148855,0.07286272,0.020494316,-0.16735008,0.025016082,-0.077367656,0.035748605,0.02229634,-0.01198695,-0.14359453,0.062110532,0.1808266,-0.14841561,0.024728118,-0.0020058455,-0.055057094,0.030247137,0.09497904,0.015416046,-0.06947941,-0.02666377,0.056699056,0.013920536,-0.027787969,-0.07587014,-0.0029038968,country
Ukraine,-0.013718569,-0.17963853,-0.001086574,0.0353477,0.084956676,-0.08989158,0.09892944,-0.0070380126,-0.14835547,-0.11360633,-0.019495139,-0.23868066,-0.1755673,0.058553565,0.0765738,0.19277652,-0.093001194,-0.11357717,-0.03628983,0.069667086,0.15783805,0.09908801,0.13175577,-0.07259615,-0.05450373,-0.0346273,-0.08276695,-0.01491748,0.024976505,-0.054959472,0.0712629,-0.17705588,-0.13419823,-0.083621,-0.008385244,-0.08054132,0.07455716,-0.0022382399,0.13367149,-0.05690408,-0.0834797,-0.13900563,0.07622273,-0.07998074,0.009485093,-0.07084184,-0.04253658,-0.14361869,0.052949317,0.20955598,-0.029722823,0.038380027,0.038497683,0.021551963,0.028569102,0.0017949973,-0.034046173,-0.12683704,0.05837589,-0.051380396,0.07122478,-0.11815167,-0.047886476,-0.028869517,country
Nepal,-0.071111605,0.21144463,0.122993834,-0.13936612,-0.033942606,0.00913887,0.0172293,-0.0062537724,-0.08327879,0.020839535,0.29518014,-0.043075133,-0.1467513,-0.047041073,0.035672992,0.13135132,-0.052179474,-0.07486287,-0.111587174,0.16169608,-0.06308106,0.009072617,0.028848542,0.16330066,0.0903096,-0.07582766,-0.08266664,0.20800246,0.16852106,-0.023699421,0.10410813,-0.029056052,0.065553956,0.0060389517,-0.052827023,0.06477076,-0.06492863,-0.1314305,0.09173342,0.32194096,-0.116826795,0.04036944,0.014206219,-0.27599075,0.00564706,0.11079842,-0.13457227,-0.014661768,-0.058075838,0.028174378,-0.08503415,0.09951499,0.33963573,-0.007205466,-0.07767558,0.058405686,0.103549674,-0.33771563,0.029950496,0.16336566,-0.05288964,-0.2155754,-0.09755328,0.111758865,country
Japan,0.04170212,0.13838758,0.19046727,-0.12227672,0.1099659,-0.15976574,0.13535823,0.09540172,0.067432106,0.08004302,0.3170231,-0.22026269,-0.08062818,-0.012857318,0.065586455,0.04436869,0.05127611,-0.124916,-0.08943296,0.19069117,-0.05073972,-0.07240863,0.12137663,-0.006282969,0.19148114,0.05595693,-0.08692179,0.103753716,0.13076898,-0.10116759,-0.013102821,-0.045436475,-0.005629977,-0.03003623,-0.014954982,0.03106013,-0.1375058,-0.009318071,0.087123156,0.11924787,-0.06812527,0.12119946,-0.016956389,-0.2374661,-0.017177107,0.038520783,-0.09586795,-0.11289227,0.017782522,0.025459707,0.055588983,0.15430821,0.1502566,0.049317576,-0.04765054,0.054526154,0.021899823,-0.16286364,0.09210457,0.15935646,-0.15830661,-0.21565862,-0.06470779,0.06283425,country
United States of America,0.012702458,-0.18126018,0.28122458,-0.004917637,0.015148559,-0.16487832,-0.15461877,0.020293523,0.18525982,0.019588504,-0.037181504,-0.16963275,-0.07737751,-0.053009972,-0.10160552,0.01095013,-0.13095759,0.074773334,0.1067303,0.15421739,0.24124539,-0.021077503,0.25330397,-0.21835472,0.14516911,-0.05139688,-0.118537135,-0.10860047,0.118489265,-0.18678728,-0.18271026,0.0730182,-0.062692456,0.12325087,-0.007831267,0.03650215,-0.043935664,0.11599122,0.111309335,0.1550136,0.1528782,-0.15158229,0.07652941,-0.16233277,-0.15996504,0.007970447,-0.00047887967,0.022350628,-0.03620269,-0.09031038,-0.0087674735,0.034840092,0.103490695,0.09808084,0.002789609,0.077217184,-0.1602337,-0.061796043,-0.0171139,0.0946221,-0.028874608,-0.059680894,0.040315162,0.14848845,country
Azerbaijan,-0.04266379,0.13885643,0.07522274,-0.15337774,0.10719751,-0.08568487,0.13155156,-0.024280956,-0.016214162,0.056078278,0.27304754,-0.13556372,-0.19296221,0.00033353936,-0.0011077066,0.054178465,-0.063376024,-0.13133103,0.056834165,0.15984936,-0.05447119,-0.05736064,0.066852525,0.0118623525,0.1563673,0.045683384,-0.108098,0.13726972,0.10015925,-0.06941617,0.08570025,-0.06531218,-0.1368558,0.027008235,-0.15936607,0.03470471,-0.12751794,-0.0065348074,0.14285408,0.28451452,-0.0708398,-0.025659105,-0.074665874,-0.2945967,-0.1027296,0.083054535,-0.06293082,-0.110081434,0.031690266,-0.03087936,-0.01725192,0.068144746,0.33460522,-0.023785785,-0.114802115,0.1477004,0.11389653,-0.12502365,0.06995284,0.051661234,-0.034998346,-0.063444786,-0.013235008,0.04089955,country
South Africa,-0.13868417,-0.22716404,-0.03481862,-0.02224323,0.17780289,-0.123576574,0.101554975,0.20327882,-0.057369217,-0.06787549,0.11421001,-0.034196973,-0.47019163,0.09998819,0.072786324,0.021298144,0.05734602,0.17533678,0.13753179,0.19541077,0.10083079,0.034210436,0.094517946,0.00048859575,0.056541782,-0.040945653,0.12704019,0.10457664,0.110110104,0.062257595,-0.13443597,-0.19467781,-0.0024420712,-0.14063227,-0.12154166,-0.08300573,-0.04709268,0.28377172,0.005546371,-0.20979328,0.055406634,0.096741624,0.08701276,-0.16329685,0.26191843,-0.15858418,0.049467158,0.04630046,-0.24185334,-0.052139092,-0.08683928,-0.0076531097,0.3051923,0.18485081,0.18749174,0.17455953,0.050802667,0.044777397,-0.18932453,0.12458342,-0.061588198,-0.05487088,-0.08278476,0.058371164,country
South Korea,-0.06503397,0.19332504,0.08669674,-0.12329361,0.010719725,-0.08556908,0.16419302,-0.005455974,0.032950655,0.12821695,0.36897126,-0.13997032,-0.09167533,0.028062169,-0.028520962,0.074023195,-0.061640993,-0.15243801,-0.05003081,0.19922926,-0.10525651,-0.025245054,0.046748936,-0.001558925,0.08163461,-0.030026728,-0.058484364,0.017750312,0.048643984,-0.055954438,0.10208177,-0.017916724,-0.11663896,-0.0052661444,-0.12452884,0.004267474,-0.03543828,0.1148655,0.055989187,0.16083804,-0.052775703,0.04343274,-0.008473743,-0.32037264,-0.10080462,0.11685165,-0.17132826,-0.12431538,0.121645704,0.0744371,0.00900747,0.03369326,0.23189883,0.08536335,-0.026270863,0.04248982,0.0017481133,-0.19604798,0.035727426,0.079653144,-0.14913237,-0.18476257,-0.06771083,0.06487431,country
Latvia,0.13296665,-0.20120117,-0.047523562,0.11980127,-0.04544548,0.14767078,0.17395258,0.123893596,-0.10455333,-0.3852956,-0.24051937,-0.13830338,-0.20524292,0.056234643,0.03650959,0.32037976,-0.085497886,-0.09805754,0.04843636,0.050668105,0.021671701,0.10208947,0.1121299,-0.0016026001,0.12346643,0.040134694,-0.011094395,0.043845925,-0.15891904,-0.11760688,0.14494547,-0.06890535,0.04131246,-0.078708075,-0.11509183,0.024977406,0.03482683,0.024500104,0.105045624,0.10351507,-0.18761557,-0.26238993,0.0022101298,0.096769385,0.021000925,0.037080694,-0.11184189,-0.32278103,0.056691192,0.16805322,-0.22525312,0.11036618,0.15311761,0.042301573,-0.027455337,0.022989005,-0.0356086,-0.107571036,0.08255486,-0.11495559,-0.023019053,-0.08394654,-0.17484222,0.2571381,country
Saudi Arabia,0.13171385,-0.051295385,0.16709942,-0.056674242,-0.086039685,-0.17600922,0.027289854,0.12350492,-0.08926276,-0.04672552,0.17945479,-0.13606955,-0.06699697,-0.076555565,-0.04697606,0.054132644,-0.1385955,0.1132741,0.07299273,0.23135847,0.041641116,0.15982485,0.09593806,-0.12433671,0.13120462,-0.18898791,0.011940876,0.1323665,0.03602652,0.09185769,0.24835399,-0.019882146,-0.016451333,-0.02623652,-0.2491814,-0.0052045346,0.018301645,0.1628704,0.17434908,-0.0016885396,0.16393213,-0.019039199,0.07117233,-0.22189716,0.07524954,0.046964455,-0.042469453,-0.082972646,0.013172023,-0.09523985,0.1299775,-0.034663018,-0.13662778,-0.09701322,-0.11681736,0.009502979,0.13859484,-0.11398086,-0.027222667,0.062220436,0.081962995,0.020552447,-0.12881069,0.0034918215,country
United Arab Emirates,0.015622212,-0.028883783,0.17783214,0.042431574,-0.23286971,-0.22473809,0.10231136,0.059019808,-0.16488734,-0.017119393,0.21509378,-0.07023887,-0.011961031,-0.08536685,0.007245882,0.07360697,-0.1083529,0.080451846,0.13413072,0.12735201,0.093737006,0.17236124,0.029247781,-0.16131584,0.18104583,0.0040286705,-0.09423198,0.0009835623,0.08215565,0.033315953,0.18898593,0.08452786,-0.17768878,-0.06414769,-0.23940314,0.107799284,0.026272021,0.16912204,0.09185398,-0.0814644,0.081936546,-0.06010737,0.015127398,-0.03581503,-0.024178889,-0.051352177,0.085902095,-0.08870195,-0.1599898,0.044830978,0.13473675,-0.16200334,0.018371006,-0.17821972,-0.08121696,0.09485392,0.12909651,-0.062855534,0.06024626,0.08523906,-0.04152268,-0.026001833,-0.14791998,-0.05243663,country
Turkey,0.091351755,-0.1141393,0.18629555,-0.01393357,-0.22224407,-0.1300249,0.011161122,0.13896883,-0.15996881,-0.07757942,0.2881855,-0.11382871,-0.034760598,-0.0016020624,0.0691074,-0.050022688,-0.115560405,0.101407886,0.1336364,0.07729969,0.05177892,0.09213609,0.093317136,-0.18688758,0.15563573,-0.11123459,-0.094073206,0.029132057,0.03458755,0.00027237725,0.12372444,0.12075819,-0.009390191,-0.015680656,-0.2617378,0.14951618,0.030989394,0.21308903,0.13841666,-0.11389163,0.079973064,0.010032507,0.13434733,-0.09696907,-0.014623106,0.09616845,-0.048525188,-0.05036077,0.0034416283,-0.0038439191,0.15633787,0.028388297,-0.09572937,-0.12124666,-0.051090263,0.10664857,0.08715217,-0.10573567,0.07157781,0.18108144,-0.014800294,0.021984177,-0.12476653,-0.10578789,country
Qatar,0.06468675,-0.04685041,0.24522285,5.572966e-05,-0.071652114,-0.14327218,0.11682835,0.114917584,-0.14187577,-0.06956229,0.16782579,-0.051984087,-0.09488833,-0.021974625,-0.0588101,0.08842751,-0.14893396,0.15867208,0.06849628,0.21546021,-0.047720514,0.06397126,0.14879453,-0.17999291,0.120756015,-0.05801551,-0.15653269,0.08407207,0.032300536,0.0006386895,0.19732246,0.13481262,-0.067976035,-0.08881156,-0.16722001,-0.011075409,0.02595628,0.1736157,0.25539827,-0.17749852,0.083396025,-0.077033155,0.12592292,-0.13901718,0.10361657,0.096234344,-0.044144813,-0.089478694,-0.017197428,-0.044392556,0.07050587,-0.053791426,-0.04493549,-0.1475309,-0.019031469,0.022324355,0.049156174,-0.11964546,0.019342609,0.0314329,0.09178942,-0.0006557674,-0.001941548,-0.052491866,country
Israel,-0.052992754,-0.0055928496,0.10970858,0.05311,-0.14321816,-0.17261353,0.007559779,0.06918183,-0.088342294,-0.12898362,0.2949296,-0.15575822,0.0052571096,-0.04264643,0.0042236084,0.0145309465,-0.08491171,0.0659138,0.14669886,0.22153185,0.09958189,0.11605403,0.010196544,-0.18025517,0.2633224,-0.18688847,-0.16087626,0.11244336,0.01680251,0.08776957,0.06961353,0.015496741,-0.14155157,-0.0802127,-0.3060119,0.017293705,0.010206759,0.08522171,0.058952615,0.022379555,0.008665043,-0.049268257,0.110232405,-0.05169536,0.069189645,0.05938694,0.07449955,-0.08134543,-0.052960858,-0.041566517,0.12778592,-0.10006265,-0.08835428,-0.26518223,-0.051174726,0.14929481,0.084620625,-0.090979256,0.048330944,0.009777492,0.011599008,-0.15151902,-0.13201085,-0.07769177,country
Egypt,-0.010130289,-0.073272094,0.20841362,0.13428941,-0.1621622,-0.27493075,0.0639472,0.10200874,-0.17846808,-0.04185728,0.21029481,-0.15204963,0.05081312,-0.115679845,-0.10536005,0.05870004,-0.16305876,0.048807442,0.042935062,0.15432724,-0.008233768,0.10814978,0.0713931,-0.10062691,0.120207794,-0.06671835,-0.059148066,0.07715944,0.00035511094,0.14447685,0.085975185,0.07074135,-0.09797858,-0.10467392,-0.34036094,0.04290236,0.052954942,0.15236565,0.12876005,-0.031134868,0.15438552,0.020252625,-0.019578751,-0.12561554,-0.0021108233,-0.034187973,0.025470823,-0.06818646,-0.032229606,-0.06289585,0.12732708,-0.13978401,-0.038096026,-0.09615614,0.008222785,0.08464585,0.096778765,-0.0421696,0.022878136,-0.025329547,-0.04834811,-0.086299516,-0.26435,-0.05356754,country
Lebanon,0.043375812,-0.046730503,0.07000699,-0.05736913,-0.13362789,-0.22468282,-0.045461595,0.08902758,-0.18380275,0.0019555874,0.112267554,-0.08577754,0.021465015,-0.06130889,-0.003158948,0.116018504,-0.1698025,0.06839375,0.037734866,0.16202554,0.15017138,0.12877843,0.074300475,-0.07335551,0.2952018,-0.124725595,-0.044050053,0.13436288,0.115438126,0.011225267,0.18351132,0.049860656,-0.1546332,-0.1412536,-0.18298455,0.04612355,0.1537233,0.17283088,0.11831762,-0.08880188,0.08980555,0.026369225,0.1137209,-0.18449178,0.07530512,-0.020531515,0.015766973,-0.1706911,-0.11680324,-0.1152394,0.18746126,-0.020710506,-0.0713331,-0.15730466,-0.07552569,0.053646002,0.13708024,-0.001118773,-0.016865984,0.09772838,-0.088576145,-0.00920539,-0.028544916,-0.03437613,country
State of Palestine,0.0100310445,-0.0525959,0.16775537,0.057063922,-0.23071374,-0.29670003,0.06159695,0.13774197,-0.23119856,-0.042566653,0.1647562,-0.016125172,0.025698623,0.07060557,0.026825022,0.024860512,-0.14830223,0.04427092,-0.03751477,0.15589651,0.06188729,0.22014683,0.07222207,-0.019398268,0.30108494,-0.08178743,-0.03752447,0.043342233,0.082014225,0.08996383,0.17084408,-0.020779332,-0.07530297,-0.075043626,-0.24521378,0.062288508,0.030319162,0.15688619,0.18779996,-0.1100393,0.14766264,-0.008075847,0.16943794,-0.1993823,0.0024234734,0.054826114,-0.020966047,-0.029631259,-0.101043716,-0.06828618,0.12349871,-0.056134664,-0.11082236,-0.016613748,-0.09991733,0.05539859,0.013571816,-0.012230674,0.01109561,0.07625662,0.01470288,-0.049126513,-0.089430146,-0.090440206,country
People's Republic of China,-0.003753916,0.16435894,0.13490224,-0.11563546,0.076139815,-0.1216282,0.021016851,0.07324917,0.016702693,-0.019708522,0.37681308,-0.08312672,-0.17244607,0.0681312,0.030933052,0.045973282,0.0039833123,-0.20155333,-0.13279386,0.12367031,-0.056198876,0.018471895,0.09868448,0.032484014,0.14749217,0.09115045,0.032304395,0.108700536,0.13714984,-0.056495752,0.073998585,-0.050558455,-0.06595282,0.027223706,-0.09221611,0.09037291,-0.111479826,0.0459522,0.05299509,0.2564034,-0.12310738,0.011261927,-0.0768045,-0.38780957,-0.04452015,0.09369045,0.016737333,-0.1734607,0.015164599,-0.015991593,0.01220546,0.14284143,0.21700719,0.060736425,0.025212837,0.025925366,0.089776225,-0.19037989,0.121175505,0.086998664,-0.10129545,-0.07401495,0.019904228,0.07952628,country
Germany,0.095063664,-0.122355886,0.015185746,0.0034525094,0.0767024,-0.096222475,0.03600802,0.060812417,-0.11791157,-0.17835502,0.008053071,-0.12629837,-0.15966833,0.030432006,0.022497848,0.23518191,0.0025267291,-0.20779471,0.09590342,-0.00971262,0.12452148,0.12681042,0.10065547,-0.106669724,-0.012780143,-0.065634206,0.04216512,0.053123172,-0.07753393,-0.050534252,-0.025925433,-0.1384939,-0.12106091,-0.10416807,-0.1017176,0.020662231,0.06857333,0.078681216,0.16882834,0.19283763,-0.11575062,-0.07000921,0.044123337,-0.09359646,-0.08967618,-0.0097891595,0.052095402,-0.10344409,0.07627166,0.22444089,-0.10161098,0.03669499,0.07719734,0.018213956,0.079206586,0.03883443,0.0106154,-0.023278756,0.02902437,0.015188414,-0.009022679,-0.093835205,-0.081599995,0.1734354,country
Algeria,0.010745424,-0.10717997,0.11440262,-0.057833634,-0.2112506,-0.24881308,0.10554492,0.085902564,-0.09664608,-0.0948255,0.21391407,-0.029153913,-0.04324184,0.001653757,-0.015499445,0.09817749,-0.13375787,0.14715984,0.10106776,0.110247344,0.10275148,0.21800557,0.07579985,-0.19197212,0.19151682,-0.10834318,-0.067620255,-0.020159997,0.16288204,0.09664954,0.06740877,0.07600054,-0.0622187,-0.07884833,-0.21865888,0.039895527,0.0044898116,0.18245377,0.0883212,0.004068463,0.06708213,0.034536816,0.06546301,-0.12966181,0.01742479,0.15379009,0.027949737,-0.014487732,0.026065271,-0.09240785,0.20873295,-0.05826171,-0.040732026,-0.09393326,-0.040833022,0.0734346,0.12133524,-0.10678633,0.059195902,0.00841649,-0.00680506,-0.05618072,-0.16014522,-0.088417746,country
Morocco,0.07351001,-0.03286277,0.21757473,0.026426068,-0.18427902,-0.07750328,0.06980128,-0.010934609,-0.18200576,0.0078071067,0.21105842,-0.0414054,-0.022051036,-0.027720405,-0.0412343,0.08257494,-0.11012717,0.08611109,0.1977419,0.17857061,0.029093148,0.19350165,0.075840674,-0.19289905,0.17188112,-0.059296433,-0.01788355,0.03777643,0.0010954833,0.14652367,0.32943827,0.081523925,-0.12350302,-0.051959693,-0.26702422,0.07458195,0.07079236,0.09446178,0.19609578,0.03905298,0.084506,0.03790545,0.0816042,-0.1663157,-0.010025459,0.063638516,-0.056992274,-0.081044324,-0.05858005,-0.08784275,0.18048087,-0.03196585,-0.11485897,-0.13846892,-0.03296662,0.108067386,0.049524836,-0.051621515,0.045809913,0.043689717,-0.010755189,-0.024051938,-0.06561495,-0.060994692,country
Tunisia,0.08978636,-0.081681915,0.19870725,-0.02090496,-0.3017573,-0.14590439,0.02906303,0.17910095,-0.118514895,-0.1339834,0.23670927,-0.11987063,-0.05181681,-0.1855927,0.05727733,-0.05214377,0.0060041305,0.09997632,0.036839087,0.18943208,0.15250036,0.15647729,0.09843271,-0.112879016,0.1869134,-0.07283865,-0.07820591,0.1989771,0.10269047,0.020481667,0.08430635,0.007763954,-0.093098804,-0.06543694,-0.21940893,0.13203967,0.049013533,0.11325219,0.13935831,-0.120541595,0.14081146,-0.06164785,0.053809665,-0.08664497,0.082892455,0.033572845,-0.03534688,0.029676784,-0.009582502,-0.18225674,0.063092954,-0.060717955,-0.06283373,-0.09724801,-0.06569934,0.13685355,0.0016846916,-0.1527448,-0.013073766,-0.028944297,-0.05822599,-0.074899234,-0.111274175,-0.025793176,country
Iraq,0.12506089,-0.09586773,0.16320826,-0.11094421,-0.26481423,-0.17311683,0.043025415,0.026211755,-0.18387865,-0.020275757,0.22529168,-0.080174126,-0.016880607,0.05379306,-0.084543444,0.040351376,-0.10797945,0.15763491,0.1084226,0.17373423,0.042963468,0.081921875,0.012876468,-0.23815721,0.12573925,-0.16752298,-0.104523115,0.080458544,0.022032307,0.053927828,0.14898485,0.0011004881,-0.13406418,-0.089084126,-0.31106356,0.036661476,0.060487606,0.17773788,0.05725448,-0.007693891,0.13329203,-0.024366708,0.06099489,-0.15075848,-0.01730473,0.031881563,0.0074929604,-0.10628759,-0.03314069,-0.12223486,0.16653533,0.00387219,-0.03843931,-0.08217063,-0.06129166,0.048801064,0.08737639,-0.16977906,0.015812756,0.08521727,-0.005886059,-0.05061154,-0.117442325,-0.003504854,country
United Kingdom,0.016377902,-0.18424954,0.12452776,0.038423464,-0.013002333,-0.07386808,-0.0010521662,0.06716054,-0.17593549,-0.12425882,0.00036246842,-0.2402881,-0.19147944,0.035185296,-0.016492922,0.19175823,0.03649757,-0.07981116,0.038246315,0.0863074,0.027990196,0.06879494,0.18851696,-0.07813867,0.024350373,0.012884083,-0.039685447,0.027801152,-0.068552725,-0.015359072,0.08702933,-0.13520192,-0.05221958,-0.044432383,-0.10811531,-0.066712335,0.069321096,0.0414289,0.09133269,0.07507066,-0.112202585,-0.05824963,-0.012845066,-0.04824645,-0.061654475,-0.07143561,-0.012473561,-0.10082526,0.036883608,0.15006642,-0.0710495,0.20647287,0.0036209708,0.080344945,0.042885803,0.07062221,0.10048711,-0.023112465,0.08846461,-0.0109010795,0.020200694,-0.09989259,-0.1496373,-0.033950582,country
Syria,0.050295506,-0.07525166,0.08919043,0.06893852,-0.08775783,-0.1703198,-0.02527555,0.110360086,-0.15613848,-0.098321915,0.21688737,-0.10329875,-0.06777994,-0.103383705,0.044761177,0.011469634,-0.12802096,0.1306924,0.15214035,0.09101062,0.02801428,0.20692706,0.105019,-0.25872782,0.13878416,-0.13278747,-0.003782389,-0.031182261,0.050389178,-0.014128213,0.1194021,0.02783458,-0.16289394,-0.103297524,-0.31100452,0.09585305,0.025374113,0.23832096,0.15762421,-0.055767607,0.07484949,-0.048401516,0.027737092,-0.16410092,0.068312086,0.053929124,0.063038446,-0.16491793,-0.015312726,-0.0775728,0.12834485,-0.079496115,-0.010420973,-0.20594938,0.01356511,0.008623812,0.10454578,-0.010192242,0.023436133,-0.008408336,-0.064930215,0.031663377,-0.033799607,-0.10352624,country
Iran,-0.00076135463,-0.058510847,0.12449285,-0.004724335,-0.01840515,-0.21407062,0.03427577,0.09589756,-0.16234437,-0.111105844,0.1784061,-0.13379441,-0.0073107383,-0.07146765,-0.0009763035,0.042744573,-0.09579527,0.101169676,0.10703032,0.20998025,-0.019964969,0.1855329,0.09144506,-0.1897338,0.16397907,-0.069444954,-0.065094106,0.13644892,0.081391394,0.09846093,0.14070721,0.089352705,-0.14182842,-0.05146353,-0.27477774,0.08197103,-0.0058543026,0.10339852,0.10412255,0.023863196,0.17066151,-0.051307913,0.024142247,-0.19222443,0.096479565,0.028344408,0.047114324,0.028379431,0.07641145,-0.050323837,0.10932104,-0.13482235,-0.08025567,-0.10923841,-0.059980966,0.029865352,0.098152176,-0.08063929,0.05054335,0.07523174,0.037007786,0.0823574,-0.18575075,-0.063880816,country
Libya,0.056106895,-0.059106044,0.1850988,-0.019647537,-0.28783593,-0.13799459,-0.11165227,0.110588804,-0.3057375,-0.15801698,0.12968381,0.07139694,0.10228327,-0.042287145,0.11439913,0.0321952,-0.13089487,0.13549602,0.08869466,0.10446745,0.15238525,0.20132644,0.03066422,-0.12951198,0.09625952,-0.14177595,-0.19767345,0.23372336,0.01350472,0.036725625,0.28108242,0.06623631,-0.057541102,-0.04942516,-0.29153174,0.17400078,-0.00148172,0.25451013,0.167096,0.035563648,0.18476571,-0.018551867,0.2690103,-0.1268287,0.07071605,0.04897332,0.08404156,0.1452448,-0.10864873,0.028571045,0.13258485,-0.07929872,0.03508579,-0.16291672,-0.109703235,0.05644367,-0.0015308678,-0.13519274,0.030132325,0.10437226,-0.03849453,0.018680003,-0.07192278,0.023464914,country
Bahrain,-0.013133143,-0.049753156,0.15834668,-0.015693657,-0.25146276,-0.10195421,0.010227269,0.116387494,-0.22000085,-0.22966802,0.14274976,0.066068836,0.057522897,-0.057003874,-0.0338677,0.07899995,-0.04386894,0.068068124,0.06207826,0.15481673,0.09885181,0.13288134,-0.017569311,-0.2137195,0.12040248,-0.14011876,-0.19076844,0.11982849,0.09712181,0.06832457,0.2248257,0.21881108,0.0199723,-0.025816936,-0.35080105,0.05257095,0.005975701,0.17811142,0.1473468,-0.015096191,0.08273029,-0.03310946,0.19145988,-0.20635648,0.16594301,0.10010756,-0.07736773,0.12539199,-0.1215187,-0.006578244,0.12639126,-0.11194221,0.053204715,-0.20936334,-0.071329646,-0.0065892907,0.09845807,-0.21413863,0.015670288,0.11672733,0.032660212,-0.05199904,-0.16376206,-0.014221732,country
Kuwait,0.03327119,-0.019451296,0.13413122,-0.10076937,-0.30556214,0.0013266739,-0.041604217,0.10953261,-0.14952302,-0.0369994,0.09164604,0.03667277,-0.051817402,0.11620589,-0.06681424,0.114282146,-0.26652253,0.084758185,0.09527351,0.3536551,0.056015957,0.19967902,0.07178699,-0.13093404,0.39228052,-0.15855172,-0.20040753,0.14485595,-0.06919169,0.13559327,0.3433138,0.15081562,0.023503922,-0.14098558,-0.41391417,0.1109941,-0.039417196,0.25520533,0.2568069,-0.074990064,0.3056656,-0.10296877,0.1647455,-0.1646177,0.15500031,0.06555624,0.0067353193,0.002042832,-0.060810007,-0.07724817,0.09202521,-0.2710751,-0.11716829,-0.1748373,-0.27975616,-0.09352943,-0.084041215,-0.039170828,0.11591651,-0.08522717,-0.045204308,0.046103727,-0.21946464,0.12610134,country
Australia,-0.25926256,-0.13471389,-0.05411636,0.20941693,0.30703166,0.035045564,0.021014782,0.109079875,-0.12019705,-0.110068806,0.28874972,-0.10413334,0.035710573,-0.19539735,0.27968344,0.22081386,-0.15749541,-0.27514598,0.1874368,0.060267013,0.08567257,0.016995776,0.19060545,-0.15010916,0.23923689,-0.084801845,-0.24807437,0.07636006,-0.16996145,-0.04259037,0.1517359,0.15585366,-0.29213518,-0.12484876,0.1608418,0.04920798,-0.026523119,-0.12670495,-0.03841255,0.0010414801,0.038467422,0.1497129,-0.118051335,-0.14742143,0.019432647,0.038705513,-0.03662769,0.27309,0.02086037,0.062673025,-0.10775423,0.18173805,-0.06715673,0.26501262,0.07787586,0.23830962,0.009750946,-0.28338498,-0.023360487,0.1184746,0.023732122,-0.035312995,0.08980456,-0.18160601,country
Nigeria,-0.16147786,-0.15396222,0.06752126,0.06153705,0.025508728,-0.15363927,0.081120916,0.18305856,-0.12337036,0.026161322,0.11439149,-0.08891132,-0.4040636,0.07482415,0.13723303,0.019319199,0.2645326,0.17057267,0.23472382,0.26331994,0.051302955,0.018142207,0.039032772,-0.03936011,0.092131585,-0.030368766,0.060032334,0.08442738,0.06682876,-0.112530604,-0.09562479,0.0090520745,-0.13095735,-0.15179746,-0.101110175,-0.053196203,-0.07682304,0.1505168,-0.11019905,-0.27685285,-0.050834216,0.07443154,-0.0017466258,-0.21138695,0.31531328,-0.16393612,0.023968041,0.04133404,-0.27531275,-0.03547985,-0.101320185,0.010939937,0.30143994,0.16080256,0.1841038,0.12596337,0.1270902,0.0035214901,-0.16323082,0.120348975,-0.031697113,0.026451003,-0.114509024,0.1556874,country
Singapore,-0.06521367,0.19390897,0.032039933,-0.08133077,-0.09462581,-0.18001011,0.2592899,-0.013018401,0.059981603,-0.009184702,0.361106,-0.08176871,-0.13891311,0.030156288,0.07348242,0.14724506,0.03807881,-0.13194664,-0.022508882,0.12438894,0.031981524,-0.11221814,0.10719338,-0.07628993,0.10720142,0.021265365,-0.09529182,0.13458915,0.10696864,-0.027813975,-0.023487868,-0.17112961,-0.020128716,0.0071824575,-0.02932867,-0.01715183,-0.10045744,0.002465353,0.06470456,0.20854771,-0.1046631,0.034088407,-0.0020549945,-0.3388304,0.016128944,0.078457244,-0.10146196,-0.06475116,-0.0006839487,0.02839907,0.03744998,0.13622506,0.26900667,-0.026727548,-0.07596931,0.12874661,-0.018680943,-0.11418368,-0.049268954,0.23707058,-0.10390318,-0.21147051,-0.07447509,0.048288696,country
Pakistan,-0.014321749,0.19071409,0.1510974,-0.122252524,0.09206131,-0.12193699,0.1450322,-0.038009763,-0.016800983,0.09812593,0.33271274,-0.12441091,-0.05284877,-0.0023938688,0.14525492,0.15210767,-0.012312467,-0.042780675,-0.07109675,0.14976461,0.008535734,-0.05973323,0.124012604,-0.02651647,0.16495734,0.073403195,-0.16150524,0.086189315,0.0071734195,-0.008935337,0.015753383,-0.12254311,-0.049616493,-0.0064685256,-0.12391224,0.0714212,-0.057452925,-0.088435814,0.18166152,0.24164644,0.0369529,0.018452473,-0.0012254827,-0.29605776,-0.031823654,-0.004559,-0.0046711788,-0.08515504,0.11361217,0.067760214,-0.14554846,0.1271058,0.19568622,-0.04144739,-0.09579061,0.027887082,0.05838605,-0.048036035,0.0006219911,0.16121921,-0.1297631,-0.07089521,-0.09670779,0.10032386,country
Canada,0.015093444,-0.20790528,0.26376316,-0.021061847,0.005058753,-0.22055902,-0.1530882,-0.05083741,0.1977469,-0.015333939,-0.18717684,-0.26885644,-0.11081917,-0.14913,-0.06515124,0.053993803,-0.022196556,0.020539926,0.06402062,0.25351697,0.2277199,-0.050993763,0.1408688,-0.056059983,0.11510554,-0.13124801,-0.095264055,-0.087767474,0.21878716,-0.22143973,-0.14868113,0.12386297,-0.07882634,0.044211775,-0.0030712078,0.019933775,0.07156786,0.0117284125,0.0923947,0.13134944,0.17292315,0.013407675,0.05588578,-0.1572749,-0.10569312,0.014611053,-0.014194651,-0.0501925,0.010052091,-0.04097411,-0.0939258,0.06321328,0.0427264,0.050375074,-0.015763445,0.09172366,-0.08118642,-0.093996555,0.023380267,0.16467091,-0.006587415,-0.040891096,-0.008094975,0.14565541,country
Malaysia,-0.01885758,0.22827044,0.16131376,-0.04907538,0.07346037,-0.02321627,0.09629294,-0.011519753,-0.06913247,0.15615883,0.35472846,-0.17820254,-0.19296421,0.0529778,0.00026569798,0.17015052,-0.031322177,-0.05149275,0.018728374,0.09786801,-0.034234583,-0.074464224,0.10145308,0.010254002,0.16626313,0.044260804,-0.07097396,0.060570646,0.14253955,-0.0021712512,0.08193035,0.0014023161,-0.074163005,-0.102073856,-0.111680046,-0.015980553,0.015945565,-0.02896701,0.050126385,0.1887911,-0.06548861,-0.0046286755,-0.033527568,-0.20789261,-0.12204202,0.08646791,-0.062640965,-0.045692813,0.040268652,-0.03763402,-0.066012524,0.10243944,0.21784076,0.011256893,-0.06385281,0.050416384,0.09668892,-0.14298062,0.059005097,0.13984576,-0.088000014,-0.12715545,-0.08864418,0.07662955,country
Philippines,-0.076998554,0.10075981,0.038821366,-0.22809763,0.16907129,-0.20204732,0.017666407,-0.02714192,0.022327408,0.15813543,0.2685594,-0.15510203,-0.08705403,-0.010284228,0.01759417,0.1181672,-0.011016908,-0.026458431,-0.099456,0.13990438,-0.041354295,0.045569453,0.10242317,0.03294262,0.05320866,0.017547479,0.0105476305,0.2562363,0.089739405,-0.1083777,0.01857754,-0.19091505,-0.041381296,-0.14072242,-0.10877904,-0.005456876,0.09037451,0.08593898,0.087454006,0.20717779,0.0061049545,0.092288695,0.08296175,-0.33101106,-0.12371736,0.09237135,-0.07723083,-0.11599853,0.013092218,0.038089104,0.030579848,0.13124718,0.2438498,-0.015491663,-0.10818742,0.04749066,0.093471326,-0.1472118,0.027897265,0.17792004,-0.10602311,-0.0637948,-0.11545178,0.117166825,country
Afghanistan,-0.0118821785,0.120840564,0.16099137,-0.062310085,0.081198044,-0.056227364,0.08029784,0.048511706,0.030746482,0.051805183,0.29481587,-0.21533248,-0.101581484,0.013071321,0.03012622,0.053320736,-0.01591946,-0.17327973,-0.043724056,0.17380276,-0.054670162,-0.032878265,0.09410288,0.020235712,0.13564101,-0.00031522993,0.021528628,0.08980774,0.08840437,-0.0012816051,0.027950713,0.024285171,-0.037969213,0.0035116954,-0.16570696,0.05774941,-0.06734969,0.017712407,0.05588356,0.15260263,-0.09429523,-0.000768112,-0.008987023,-0.2768334,-0.13647841,0.19112775,-0.11200134,-0.05484831,0.1394505,0.039324313,-0.041158423,0.10181337,0.1578264,0.05549345,-0.071839385,0.0939424,0.08079931,-0.05391343,0.050301395,0.2214777,-0.11768319,-0.16328606,-0.09841663,0.08000116,country
Argentina,-0.11896443,-0.031977866,0.046793863,0.10507311,0.0018120805,-0.045656685,0.09033923,0.037542008,-0.20682713,0.06109906,0.1849575,-0.28951967,0.21607901,-0.14859866,0.120126925,0.016969407,-0.07419589,0.1320983,0.0036810862,0.038777787,-0.0038054727,0.026398338,0.08370004,0.029192843,-0.069512956,0.12362745,0.13013233,-0.015443152,0.2140946,0.017554382,-0.20706064,-0.0055975565,-0.18986842,-0.24794303,-0.1539799,0.080640376,0.003347337,-0.009163391,0.10376981,0.029373595,0.18574372,0.012322561,-0.056122847,-0.08821532,0.049914453,-0.005667492,-0.21693644,-0.19505331,0.034728434,0.12926544,0.13825037,0.09079626,0.2563902,0.26471376,0.16239342,-0.12320912,-0.02994768,-0.13680951,-0.034916475,0.09823033,0.10472411,-0.09006453,-0.0405265,0.010171939,country
Portugal,0.14010002,-0.17672165,0.10368788,0.0817871,0.03365826,-0.17045638,0.09471508,-0.039435633,-0.09076758,-0.2321404,-0.06820973,-0.2032606,-0.109671056,0.0024661978,0.030928522,0.2941649,-0.020556754,-0.110143445,0.0070922375,-0.020042935,0.18550523,0.12806347,0.08225753,-0.04786747,0.006146738,-0.009649455,0.072610386,-0.06135414,0.04180133,-0.043777645,0.06295851,-0.10640796,-0.08863042,-0.109664366,-0.07488206,0.023112847,0.10189159,-0.012350331,0.12263388,0.029533247,-0.121179074,-0.12698248,-0.07610266,-0.05532506,0.0015024788,-0.07699102,-0.0918978,-0.13919364,-0.043038607,0.15735869,-0.09901711,0.069889,0.02877845,-0.046824608,0.0006919026,0.13276534,0.0053421985,-0.1312931,0.023917256,0.07724433,-0.04042703,-0.08778028,-0.058111154,0.019091386,country
Brazil,-0.07497421,-0.018477062,-0.0752159,0.11473753,-0.08089386,-0.032378152,0.037719913,0.08408568,-0.22540826,0.041303176,0.17512242,-0.2789069,0.16325967,-0.14169066,0.12805852,0.10561698,-0.123787984,0.053609658,0.11620367,0.068283275,0.0935597,-0.002760135,0.061090972,-0.03286257,-0.0132707115,0.12791528,0.10880669,-0.007343993,0.12741233,0.042831935,-0.21933258,-0.042300466,-0.15534003,-0.15561934,-0.19147584,0.14119838,-0.010453999,-0.025298864,0.06061258,0.042886842,0.23755865,0.027641805,-0.026494348,-0.03515863,0.06752507,0.091203615,-0.077057645,-0.21572082,-0.0043229437,0.08166472,0.14283136,0.18682909,0.20825489,0.22894044,0.14833087,-0.10808606,-0.17158478,0.045206387,0.01031883,0.15348701,0.08405775,-0.041524667,0.08008772,0.18402515,country
Chile,-0.008350653,0.010273031,0.032476082,0.015122931,-0.01118115,0.038832422,0.12236078,0.165323,-0.26461414,-0.053514197,0.17866689,-0.24360782,0.11410316,-0.15624708,0.11236362,-0.0022263562,-0.21394871,0.16963194,0.09520118,0.0378616,0.012154271,0.114831984,0.14754698,0.09140088,-0.01802,0.17670055,0.10821203,-0.039583605,0.21117862,0.07895212,-0.17123194,0.12291925,-0.18202832,-0.11657291,-0.15785149,0.16829595,-0.061127357,-0.040411368,0.061978523,0.00018485793,0.106802456,-0.058377653,-0.005075715,0.0054466296,0.0906464,0.032858893,-0.16781572,-0.2387541,-0.030807732,0.13080183,0.07950159,0.01915504,0.13490067,0.20704086,0.093266025,-0.09411519,-0.0747835,-0.17260891,-0.007133798,0.07135181,0.011726937,-0.03202623,0.06253618,0.07927782,country
Mexico,-0.10659842,-0.33481643,0.40193874,0.034053233,0.1178516,-0.12134196,-0.059580974,-0.076134644,0.12643899,0.09415333,-0.037823204,-0.09442565,-0.26809594,-0.1459243,-0.079473734,-0.030272273,-0.16670617,0.07462794,0.035850022,0.15388802,0.15388311,-0.032853466,0.14067261,-0.18837647,0.19282167,-0.010536419,-0.12373729,-0.10269973,0.16509677,-0.046730332,-0.114636205,0.06662968,-0.059989307,0.077912875,0.060660724,0.11734388,0.052576385,-0.112530164,0.16133855,0.14100756,0.14869845,0.010227649,0.08701153,-0.13399893,-0.09123274,-0.09311852,0.0338016,-0.02544564,0.018733857,-0.050423987,-0.097715646,0.053725064,0.030348267,0.10533057,-0.0050926907,0.07396297,-0.12202785,-0.120292865,0.05100876,0.062255893,-0.015800819,-0.09186632,0.086542375,0.14950639,country
Spain,-0.06377553,-0.081589684,0.024313156,0.1533856,0.00025225987,-0.088614866,0.037096195,-0.0073315976,-0.03170588,-0.1637628,-0.010223762,-0.17808181,-0.14792976,0.08201694,0.055777807,0.2493889,0.07045164,-0.09886799,0.039428543,0.053172335,0.12984054,0.09549961,0.08394176,-0.13103873,0.05961981,0.13112494,-0.08268005,-0.07709494,0.0649116,-0.05092811,-0.0071270624,-0.03597998,-0.16095117,-0.049320728,-0.13983954,0.03370741,0.1008161,-0.0031737303,0.07218115,0.052283235,-0.0802929,-0.15563188,0.060380187,-0.1933252,-0.06910292,0.1561461,-0.017477425,-0.21962944,0.037198227,0.140056,-0.11282403,0.0022315506,0.052556634,-0.023229264,-0.028847357,0.08061689,0.08547116,0.002239143,0.101079054,0.026623499,0.029348383,-0.045649946,-0.17902711,-0.029605217,country
Bulgaria,0.095528536,-0.12473253,0.054228365,0.06881782,-0.021536913,-0.09577355,-0.033546876,0.08495747,-0.14852116,-0.19351129,-0.109707996,-0.20703207,-0.17263687,0.094464414,0.12891366,0.26081106,0.043097343,-0.13549279,-0.072081044,0.008507791,0.15604094,0.12504393,0.109432705,0.048856005,-0.046080228,-0.12069031,0.020693604,-0.0076091955,0.07172577,0.117975645,0.12738018,-0.16671972,-0.085860975,-0.029485574,-0.08188305,-0.037360165,0.10113991,0.03328305,0.06472891,0.04231856,-0.089401856,-0.1371146,0.051256202,-0.12319061,0.002575648,-0.081708826,-0.01859387,0.026830083,-0.013093273,0.31918797,-0.1510091,-0.017417436,0.11238824,0.08850768,-0.008646439,-0.032503437,-0.07368111,-0.14838085,0.048848405,0.013133011,0.0337858,-0.14322014,-0.19199653,0.11489647,country
Slovenia,0.1579698,-0.23276144,-0.16942705,0.025471797,-0.17074744,0.06703201,0.033959597,-0.03115107,-0.16316457,-0.24401364,-0.26510513,-0.22144775,-0.3051339,0.15462701,0.16606869,0.24694003,-0.1118991,-0.12200862,-0.09517982,0.07455037,0.20133492,0.18909301,0.0080632195,-0.041744344,-0.0130037675,-0.119897425,-0.087790295,0.02729265,-0.13868774,-0.07221617,0.11576077,-0.13671096,0.10562552,-0.12893817,-0.112897806,-0.08814705,0.08287971,-0.054673728,0.09884915,0.03322907,-0.03968062,-0.18776645,0.030480737,-0.08191024,0.04204893,0.054074306,-0.12533367,-0.13975231,0.14751282,0.1828192,-0.25236234,0.26781645,0.073984414,0.028339123,-0.0043170424,0.080979094,-0.15188472,-0.1059362,0.10687933,0.023142133,-0.036779918,-0.057605907,-0.14105187,0.15876709,country
Finland,0.18371406,-0.17289478,0.07075486,0.10850024,0.011653384,-0.15870044,0.041823823,-0.009156899,-0.054064937,-0.19391236,0.015349789,-0.23869102,-0.059851345,0.012926728,0.088421136,0.26601076,0.03678475,0.0014218438,0.0925102,0.025236942,0.16121827,0.16588062,0.010664832,-0.023450127,0.14038256,-0.014907495,-0.06524154,-0.00038420805,-0.008881683,0.0022880926,0.052962095,-0.08647848,-0.01425675,-0.046240248,0.03819255,-0.06330481,0.0021774524,-0.073059455,0.13477165,0.078310296,-0.13321283,-0.017937973,-0.0054154224,-0.05469095,0.0022127545,0.017541276,0.03727192,-0.20478575,0.050798282,0.20354417,-0.16934767,0.12616095,0.06516795,-0.10728451,0.1126371,0.16756351,0.07179983,-0.018777914,0.10994252,0.06154708,-0.0146094505,-0.14507301,-0.099968046,0.004195812,country
Thailand,-0.15870272,0.083589934,0.08131371,-0.12272843,-0.027925855,-0.15311004,0.16555722,0.032804236,0.045529306,0.069090724,0.24163657,-0.16961807,-0.15080059,-0.036487523,-0.040364895,0.09954005,-0.054979693,-0.113943346,-0.044610053,0.16397795,-0.07969219,0.0468176,0.0009299121,0.020575246,0.10052423,-0.04895215,-0.07304207,0.01532669,0.09586494,-0.13884647,0.011002919,-0.06727762,-0.06813016,-0.04002453,-0.13047981,-0.005075557,-0.03553066,-0.02683651,0.0839552,0.16223677,-0.069080025,0.11049025,-0.012084343,-0.30197996,-0.008564763,0.11896474,-0.1680413,-0.07824623,0.10074211,-0.02084864,-0.0141332615,0.025977327,0.20116386,-0.019785507,-0.091016,0.10825962,0.16374177,-0.11478703,-0.0507081,0.14682816,-0.10472014,-0.37367555,-0.056041036,-0.0057229516,country
Denmark,0.009131924,-0.17637034,0.050627664,0.20301853,-0.027663257,-0.048589434,0.08710634,0.2128994,-0.062389728,-0.10902739,-0.078249276,-0.18867633,-0.15591343,0.030158946,0.06506458,0.20285888,0.018792368,-0.0744975,-0.033069037,0.07234277,0.06887391,0.05509961,0.20630929,-0.061373983,0.05752042,-0.027500534,-0.034931462,-0.03032748,-0.05288062,0.08775474,0.09934602,-0.17047921,-0.05237703,-0.019223953,-0.12570105,-0.034292474,0.11240181,-0.026073625,-0.02023265,0.12620687,-0.044650294,0.0236637,0.070175596,-0.19363238,-0.041293323,0.026015406,-0.09765852,-0.15479754,-0.04501162,0.1825053,-0.09124469,0.092730805,-0.0031719748,0.030496934,0.01791239,0.066434965,0.02088255,-0.09040862,0.000992667,-0.012938154,-0.0152088525,-0.061171774,-0.08680123,0.044271115,country
Norway,0.14843185,-0.1326833,0.07566559,0.029754728,0.030531319,-0.1603087,0.09204793,0.058875605,-0.05720602,-0.088980794,-0.005098575,-0.20264883,-0.13407485,0.044611864,0.021467643,0.26068452,-0.0734604,-0.076070726,-0.08002409,0.009341822,0.116322674,0.11624773,0.08841757,-0.063875884,0.044292767,-0.067733526,-0.08248833,0.037919097,0.0050030835,-0.00050557236,0.06962999,-0.10782443,-0.025452442,-0.18394771,-0.12123939,-0.05020536,0.09876918,-0.027913958,0.07245656,0.10464141,-0.019111982,-0.09102548,0.041783795,-0.11148835,-0.0064492053,-0.10877435,0.058932573,-0.0968451,0.03029772,0.13242209,-0.14583097,0.0877068,0.050510768,0.084190875,0.098714456,0.07164054,-0.05726653,-0.08393277,0.036095005,-0.04654752,-0.0045303535,0.008592744,-0.135811,0.1285514,country
Tuvalu,-0.25034067,-0.10018749,0.023823978,0.16011946,0.26441678,0.06792549,-0.10965652,0.2236955,-0.14112076,-0.10239275,0.16786818,-0.092016816,0.035991747,-0.24249429,0.2854749,0.08732701,-0.23352064,-0.29946345,0.19407469,0.0058588358,-0.04788492,0.149749,0.14363936,-0.093239106,0.1890818,-0.1249127,-0.28453386,0.06108316,-0.34028262,0.10809066,0.22112863,0.14500332,-0.17727266,-0.036078103,0.15190363,0.14391407,0.028777627,-0.089676425,-0.097316116,-0.049498025,0.10388631,0.23351172,-0.01734021,-0.1902147,-0.029130034,0.09045797,0.07631072,0.40833053,-0.0367081,0.17821875,-0.26178223,0.118074216,0.010537644,0.3337372,0.090553135,0.091744095,-0.014496493,-0.45237163,0.017664455,0.22901502,0.053258207,-0.2071609,0.07919918,-0.1679964,country
Sweden,0.107196786,-0.07254734,0.04303863,-0.011264516,0.084694214,-0.09336518,0.11159904,0.14223088,-0.1384187,-0.25257576,0.05496243,-0.22801864,-0.11417684,0.016683593,-0.033126686,0.15330489,-0.043179803,-0.17717363,0.093791366,-0.0107929045,0.04884666,0.05262347,0.13570414,-0.131242,-0.0505853,0.052092366,-0.012117361,-0.035832867,0.010231333,-0.018925609,0.11016264,-0.0155703565,-0.06994639,-0.07106897,-0.09021767,-0.050264325,0.031069184,0.041218314,6.164334e-05,0.04246895,-0.07469089,-0.09540262,0.057511397,-0.085382454,0.00236174,0.014664846,0.084272526,-0.19031888,0.055676717,0.15860242,-0.011478875,0.065974146,0.11633474,-0.008268473,0.12191736,0.07972816,-0.008813092,-0.0534387,0.09436257,0.037276134,0.06304899,-0.15789501,-0.04452427,0.102536045,country
Lithuania,0.011958724,-0.08998086,0.087268755,0.0697328,0.08227464,-0.056594018,-0.0069525237,0.07326122,-0.14449677,-0.1695915,0.051914778,-0.15169534,-0.1148612,0.064417385,0.068700425,0.2404084,0.03269732,-0.098829836,-0.11985459,0.078282535,0.117154814,0.14413078,0.21998465,-0.2131551,0.008668504,0.07195613,0.06341254,-0.09180879,-0.021790162,0.07652176,0.029151684,-0.12965585,-0.13314924,-0.13170607,-0.07858083,-0.108458415,0.093268484,-0.021869587,0.11172551,0.09665301,-0.12975861,-0.06260044,0.052827608,-0.15464841,0.08938573,-0.04544228,-0.08250012,-0.15148659,0.06467024,0.13729934,-0.115481764,0.046501923,-0.080568135,-0.00437441,0.09813115,0.0052509774,0.066768184,-0.1538371,-0.07047809,-0.03697828,-0.016381484,-0.08025521,-0.055923555,-0.0091932835,country
Romania,0.05054366,-0.13788597,0.12033189,0.14295188,0.09996272,-0.097182475,0.07556501,0.0027851774,-0.07052231,-0.05849412,0.05563073,-0.24986118,-0.18597357,0.05529631,0.043136165,0.26074338,0.010625496,-0.19245261,0.0011999343,0.11831814,0.15342565,-0.013818576,0.09530411,-0.0071229828,0.050114844,-0.03207771,0.038409512,0.001717873,0.06951233,0.04720899,0.13444534,-0.11919013,-0.05281206,-0.025000894,-0.050976284,-0.024268134,0.10529758,0.029388942,0.055080224,-0.11548203,0.012998439,-0.19764026,0.035033803,-0.06250654,-0.015158333,0.013211267,0.0115730455,-0.13102186,0.04357058,0.21911186,-0.09177187,0.09776163,0.052736305,0.059217494,0.101015314,0.046124063,0.024416925,-0.03964125,0.09420038,0.008073634,0.062194817,-0.04199191,-0.11432077,-0.0013345943,country
Bangladesh,0.08012023,0.10800018,0.097516194,-0.18756464,0.045471463,-0.17694075,0.0540467,0.049114466,0.0018040906,0.069287725,0.30508685,-0.18692476,-0.19596054,0.061570235,0.030838287,0.07447206,-0.042328708,-0.17335798,-0.11975826,0.085003376,-0.06554362,0.033280425,0.15343206,0.03262008,0.1530293,0.10933893,-0.06027038,0.16047804,0.07259968,-0.043258306,0.06798582,-0.016524848,-0.033509765,-0.10795361,-0.07045225,0.057711095,0.0129501205,0.020169739,0.065819226,0.07471913,-0.06036503,0.15351863,0.0071015377,-0.23721606,-0.053350326,0.055959426,-0.01584167,-0.12768102,0.009620371,-0.053973567,0.004794962,0.047854662,0.31416312,-0.075457096,-0.03437651,0.11825932,0.08853034,-0.117935985,0.027870718,0.18856348,-0.22339837,-0.15200347,0.011363307,0.05241247,country
Greece,-0.008005352,-0.14792374,0.11255945,0.04578774,0.05610511,-0.073207214,-0.03752657,0.10332458,-0.06869807,-0.24954014,0.004468974,-0.2094347,-0.16296346,0.10425649,0.0026699414,0.17090453,-0.025392765,-0.026486576,-0.024178687,0.094511196,0.025473345,0.10371804,0.114363335,-0.084494986,-0.024214845,-0.024588978,-0.028527828,-0.08608513,0.0063790376,0.023155045,0.08704993,-0.110699095,-0.12100816,-0.046515174,-0.040824473,-0.018032614,0.13769564,-0.056971014,0.12128474,0.08832794,-0.1107807,-0.14492287,0.033959217,-0.0574243,-0.13353004,0.023276087,-0.12537345,-0.13030973,0.06577532,0.27072227,-0.1323792,0.06502943,0.09136576,0.015032537,0.10555224,0.092049666,0.051111553,-0.06467656,0.021848878,0.033327598,-0.039821267,-0.00920459,-0.09960468,-0.069772996,country
Cyprus,0.042824943,-0.025978338,0.13747123,0.017672842,-0.23444843,-0.1536836,-0.105392694,0.088466175,-0.18680489,-0.08746309,0.21662393,-0.11596212,-0.05801753,0.016639411,-0.05363106,0.08096518,-0.1181581,0.13246083,-0.0036610002,0.15787946,0.097515404,0.20638923,0.06111533,-0.21318597,0.22140905,-0.07913882,-0.1071685,0.057319637,0.015001862,-0.05659933,0.17556308,-0.011126474,-0.061018318,-0.055979308,-0.2126604,0.109336406,0.11666667,0.1592543,0.16240728,-0.058710065,0.20073617,0.03545266,0.0791286,-0.14455533,-0.008882913,0.0198638,0.0005574629,0.004551214,-0.048062854,-0.07741167,0.13144119,-0.037607584,-0.03631024,-0.13944131,0.0018912225,0.028064534,0.031093316,-0.035158474,0.018559573,0.07913986,-0.07324544,0.034101844,-0.0632833,-0.0455388,country
Russia,0.013164555,-0.06472346,0.037896264,0.067763574,-0.007677367,-0.15484639,-0.034512293,-0.029013116,-0.063080736,-0.12092514,-0.012716035,-0.20650671,-0.16983053,0.06133472,-0.054050397,0.28491503,-0.08575466,-0.12557097,-0.032614645,0.14024372,0.13189055,0.09148258,0.052815378,-0.13426936,-0.015784314,0.011680513,-0.077300124,-0.038235955,0.052979715,-0.04545706,0.013399543,-0.16810915,-0.08909583,-0.061854646,-0.10411381,-0.01801684,0.09674983,-0.02022141,0.04131269,0.019301012,-0.011026156,-0.07189598,0.00889912,-0.05927363,0.06603772,-0.023438254,0.052669413,-0.09414429,0.015899498,0.18628787,-0.110026814,0.11437676,0.1119666,0.009721913,0.11991253,-0.028083218,0.056916635,-0.014296228,0.051399253,0.05806096,-0.010199279,-0.032035064,-0.07190371,0.07659724,country
Kazakhstan,-0.0018387972,0.17114413,0.17324013,-0.21900865,0.20313299,-0.13531394,0.080359705,-0.022358881,0.0424286,0.09968102,0.26654497,-0.1508761,-0.15027294,0.019880004,0.0054163705,0.05982645,-0.040515237,-0.16365471,-0.030450387,0.11255984,-0.04692073,-0.09179114,0.18821025,0.03756087,0.12005955,0.034137163,-0.094992764,0.10842495,0.06899996,0.0032088275,0.034314323,-0.08025118,-0.07096192,-0.034669984,-0.12581524,0.09723898,-0.016726056,-0.01815143,0.07086916,0.11621312,0.059417803,0.022366444,-0.010084,-0.29278842,-0.16230085,0.13768224,-0.007822599,-0.16254981,0.052372,0.027929092,-0.07298293,0.011699424,0.25740123,-0.005630233,-0.046883203,0.06418779,0.07900286,-0.13383342,0.079428904,0.13455646,-0.14283809,-0.24794547,-0.054147214,0.03171438,country
Belarus,0.015641928,-0.06518506,0.04552042,0.13321929,0.015398529,-0.11309539,0.0801328,-0.04776451,-0.1887301,-0.1427944,0.042077765,-0.046914343,-0.20453045,0.027123226,0.056817833,0.18213816,-0.12458424,-0.1695163,-0.002278365,-0.022866597,0.14709765,0.1656411,0.09499018,-0.21874103,-0.018276282,0.06120235,0.08896827,-0.07494327,0.06986383,0.075698696,0.14378206,-0.07229494,-0.030046888,0.0056288037,-0.09709458,-0.059236746,0.08436687,0.01765955,0.061724298,0.055106975,-0.08064351,-0.10506752,0.07924543,-0.11354273,0.046366837,0.064845674,0.0063036033,-0.3331617,0.008139991,0.16610797,-0.18946765,0.16389808,0.03607399,-0.008754676,0.09269528,0.038960397,-0.01659106,-0.049927097,0.027663637,-0.022047825,0.00077367877,-0.038872,0.021762177,0.07488529,country
Poland,0.024031997,-0.09114985,0.0069124904,-0.013070393,0.0543417,-0.16799426,0.041135132,0.040364992,-0.11551233,-0.1385504,-0.0010555781,-0.09427396,-0.25851724,0.070964456,-0.02104658,0.19476038,-0.070293896,-0.117569536,0.040701754,0.10737813,0.0721664,0.12624389,0.07892827,-0.19453059,-0.035291824,-0.059990678,0.024586206,-0.08530624,0.054817248,0.019621396,0.11410126,-0.059844665,-0.2261101,-0.061403036,-0.100830436,-0.003995097,0.07141223,0.04031907,0.087075755,0.026839575,-0.08017376,-0.12655066,-0.03835655,-0.1381813,-0.021277288,-0.007862935,0.021979503,-0.15138371,-0.019399809,0.21208058,-0.12548664,0.013517688,-0.0549398,0.072360836,0.06070087,0.04779795,0.058316905,-0.08334971,0.035088453,0.045475904,0.032127313,0.016020954,-0.04190937,0.067469895,country
Hungary,0.052151952,-0.11110746,0.07351197,0.0885308,-0.087608576,-0.0027306266,-0.1120217,-0.01214236,-0.23297895,-0.19429384,-0.06748181,-0.13546479,-0.16616577,0.104993984,0.11610804,0.31452203,-0.019679211,-0.00077211444,-0.023578627,0.011034871,0.114606775,0.20833473,0.061485935,-0.12204172,-0.06130627,-0.023150148,0.027220847,0.115287155,0.034683377,0.030054707,0.13296051,-0.16556928,0.09688835,-0.034174956,-0.15481928,-0.036493026,0.038869724,-0.017059969,0.04351738,0.104918264,-0.09019553,-0.12137929,0.07286558,0.047394317,0.07962133,0.019641986,0.18233615,-0.020213794,0.038902625,0.28821027,-0.27514035,0.120088205,0.12235022,-0.054947093,0.05424346,0.0024765031,0.016210018,-0.15385838,0.031871755,0.12070681,-0.011676518,-0.12536871,-0.06880228,0.09629449,country
Switzerland,-0.0060562105,-0.045298174,0.011241431,0.04758736,-0.020954957,-0.055524245,-0.053833067,0.04040563,-0.13724151,-0.09393762,-0.031661768,-0.1519895,-0.18036641,0.15460962,0.11266869,0.2586193,-0.06252973,-0.09002384,0.04675162,0.15579155,0.112844564,-0.036375478,0.1731278,-0.061781064,0.071240544,-0.091141246,-0.0029169885,-0.10934653,0.05381054,0.04794313,0.056234084,-0.16962157,-0.21795781,-0.12214563,-0.07287655,-0.049349394,0.12478529,-0.0729917,0.05403353,0.12249267,-0.11958416,-0.1308434,0.15942077,-0.058622725,0.0056974506,-0.050229177,0.0137485545,-0.21292698,0.044860646,0.2906192,-0.12199419,0.056903582,0.01868305,-0.07950086,-0.024836587,-0.095073454,-0.084057696,-0.03866717,0.068567514,-0.01476294,0.011684518,-0.0933424,-0.12201464,0.05258376,country
Austria,-0.0042946115,-0.122888476,0.09248275,0.10953248,0.044810362,-0.14199068,0.10783334,0.03154129,-0.20853281,-0.036807314,-0.018686732,-0.13715923,-0.21884203,-0.021337101,0.20945947,0.15701921,-0.06862309,-0.071858004,-0.047705445,0.06764905,0.10331408,0.09153521,0.095699176,-0.12080056,0.12378106,0.047597904,0.032362312,-0.04270406,0.043671016,-0.101494364,0.18225303,-0.09782949,-0.04904358,0.0037635819,0.016924273,-0.0020692355,0.14391583,0.08520316,0.14369604,-0.03760769,-0.17531946,-0.09853224,-0.018503051,-0.14944546,-0.06769889,-0.046576597,-0.0066625047,-0.11969597,0.03805385,0.17338736,-0.08116939,0.20093556,0.16266575,-0.074697845,-0.002265228,0.007682074,0.031270925,-0.056107715,0.028644154,-0.005810594,-0.020355282,0.05151148,0.042535294,0.040714074,country
Luxembourg,0.12539516,-0.13737594,0.0106110955,-0.014693513,-0.04094267,-0.020508546,0.09606863,0.12774864,-0.06082541,-0.101678856,-0.016230084,-0.10798587,-0.21659303,-0.027939977,0.035296664,0.21267897,0.03969538,-0.082002565,0.07293285,0.035523344,0.066626124,0.102555364,0.16126834,-0.12933296,-0.005661566,0.07265772,-0.0127404295,-0.039588574,0.05052764,-0.038962055,0.10188533,-0.04026939,-0.14460322,-0.016260965,-0.04126105,-0.18303114,0.044029742,0.053455234,0.14430888,0.014580737,-0.12563752,-0.097863644,0.09813846,-0.23399954,-0.016495543,0.018755876,0.032476224,-0.22353731,0.034859847,0.18073545,-0.15778813,0.15300508,0.007231006,0.08487355,0.03309998,-0.017595991,0.07539278,-0.04991806,0.025754368,-0.038489796,-0.0073906793,-0.11922151,-0.010510209,0.0912606,country
Republic of Ireland,0.11073494,-0.18919225,0.071777105,0.071196154,-0.0533683,-0.17652984,0.13022171,0.027423443,-0.14802577,-0.16104844,-0.057548806,-0.20129327,-0.11913587,0.122420035,0.041143812,0.27959022,-0.07280953,-0.19707994,-0.03469504,0.08172135,0.078105636,0.18955839,0.14881097,-0.08254864,-0.071886234,0.019021621,-0.016192617,-0.09203439,-0.019640805,-0.06560145,0.17847943,-0.035514783,-0.16683236,-0.04417974,-0.040375523,-0.007783064,0.064421766,-0.031957302,0.07705309,-0.012894301,-0.12532118,-0.10289847,-0.08980816,-0.13293687,-0.018298738,-0.02827414,-0.082577124,-0.12818111,0.06549735,0.16269018,-0.030106997,0.16244784,0.04267551,0.10113112,0.069593504,-0.02855788,0.021099446,-0.007895339,0.086152494,-0.061361898,0.0076647718,-0.00017739946,-0.045007206,0.07964735,country
Netherlands,0.051041402,-0.09467269,0.08135274,0.14749087,0.0020633498,-0.22297966,-0.025023391,0.031638462,-0.10640741,-0.10024366,-0.007243837,-0.14953125,-0.16408302,0.05624245,0.086339146,0.19053051,-0.06787941,-0.11593427,0.0016986044,0.048671372,0.10807489,0.17175291,0.11592533,-0.04868325,0.11634362,0.0049558897,0.0173172,-0.0093705505,0.06590235,0.0026589201,0.13521738,-0.09104035,-0.028932227,-0.008407475,-0.087021686,-0.0843191,-0.017022315,0.018133927,0.17903982,0.034798544,-0.049259663,-0.07799999,0.021141414,-0.059707146,0.10055527,-0.008774221,0.069501325,-0.21763174,0.09386515,0.047186717,-0.034666166,0.05596495,0.03519009,0.04904587,0.08415813,-0.12662338,0.028131781,-0.07188381,-0.020182416,-0.01761849,0.06586202,-0.15070005,-0.06845212,-0.005992311,country
Belgium,0.18432884,-0.136816,0.085582905,0.014207746,-0.12299552,-0.08129501,0.115226984,0.055770513,0.018616952,-0.13073282,0.0005424844,-0.25265023,-0.14535011,0.019514978,0.061328426,0.25480136,0.037385583,-0.1470476,-0.0023676143,0.10819316,0.092706576,0.048712544,0.15821238,-0.012333098,-0.0065169022,0.0065699215,0.06283401,-0.07467532,0.05482117,0.045038708,0.025497157,-0.1013553,-0.14494057,-0.10778571,-0.008683691,-0.020641895,0.09253593,0.060142666,0.118077695,-0.014695046,0.007973714,-0.017589115,0.112654805,-0.074898474,-0.0049361214,0.0066296915,0.028374879,-0.15117927,-0.002582534,0.12592842,-0.13484478,0.09138345,0.04023283,0.07762124,0.0847358,-0.0006993291,-0.025348825,-0.04707796,-0.024170207,0.07723362,-0.04323472,-0.12691312,-0.05303277,0.058630127,country
Senegal,-0.13266125,-0.14406836,-0.021308474,0.022732627,0.19971122,-0.11432047,0.092714086,0.19608957,-0.06673333,-0.041891377,0.17713508,-0.04648297,-0.43333268,0.15173429,0.051044352,0.03520498,0.10696906,0.14998011,0.12074398,0.18100202,0.061498787,0.03357906,0.087993704,-0.06329634,0.097113706,0.033710297,0.07894022,0.12547505,0.04869383,-0.0318998,-0.03368366,0.045601,-0.07296878,-0.07454211,-0.102819666,0.0122379055,-0.10178525,0.16914934,-0.03283733,-0.16684031,0.0028212448,0.08796553,0.024064893,-0.14232357,0.29946268,-0.12335633,0.121463075,-0.09582117,-0.2960311,0.024407128,-0.044472016,-0.020525595,0.31171063,0.09096564,0.27040726,0.21222033,0.06735309,0.08924878,-0.114430994,0.1545957,-0.10612348,0.0056427885,-0.00083443266,0.109649375,country
Indonesia,-0.081197925,0.10998424,0.13892284,-0.051504605,0.19445679,-0.039261054,0.14301209,-0.08001367,-0.0036584947,0.04161208,0.2988639,-0.112687536,-0.09001632,-0.08373537,0.09119223,0.08476518,-0.0012377707,-0.09113893,-0.10088444,0.017582959,0.011294938,-0.11015357,0.15498391,-0.037337583,0.016969115,0.035816904,0.023028802,0.09776796,0.074612826,-0.09953237,0.0101531325,-0.13539404,-0.07964035,-0.10881069,-0.106540374,0.028146116,-0.0051842635,0.03623802,0.084368944,0.20572035,-0.0534302,0.040807355,0.037213672,-0.23267242,-0.045366663,0.07876118,-0.19062988,-0.12206681,-0.015568139,0.14120057,-0.0462033,0.2179929,0.21513909,-0.105162404,-0.12777603,0.1767247,0.024084918,-0.2935103,0.08549072,0.21807452,-0.17647019,-0.11240948,-0.0072907167,0.017110055,country
Haiti,-0.03822484,-0.2959232,0.24782248,0.019863823,0.034139972,-0.11219934,-0.13438688,-0.121945016,0.23690698,0.04984135,-0.07049405,-0.04750129,-0.124482155,-0.041846886,0.07244699,0.14476036,-0.14207849,0.20810805,0.042348154,0.2394532,0.12527268,0.0016198106,0.17660382,-0.18395428,0.08929006,-0.12855154,-0.1705859,-0.080211915,0.2935237,-0.22810844,-0.09694569,0.043060787,0.19837004,0.17451693,0.04823422,-0.0038410572,0.04262496,0.021893429,0.057092313,0.24315864,0.098731674,0.093276784,0.1528472,-0.20220365,-0.15512195,-0.05029038,0.048537627,0.03401631,0.05477036,0.0073274155,-0.02317022,-0.02562381,0.22510393,0.03361558,0.0805978,-0.006650763,-0.17583919,-0.2197931,-0.009138836,0.16711465,0.020952037,-0.04219435,0.067545086,0.19058657,country
Monaco,0.036364496,-0.111227624,-0.045237757,0.06980373,-0.014615944,0.030165594,-0.088882126,0.06068956,-0.11458944,-0.23536219,-0.116220795,-0.08550092,-0.057069566,0.09399193,0.10250582,0.31472415,-0.068836294,-0.1623846,0.042166997,0.006614251,0.1607521,0.15579666,0.12504159,0.10838752,0.016325757,-0.11588571,-0.119238086,0.10050805,0.013919391,0.02833085,0.112466015,-0.03333267,0.077351734,0.01430528,-0.15548882,-0.08523871,-0.017044585,0.053644277,0.12561275,0.064299524,-0.24403611,-0.1281195,0.015801895,-0.11007599,0.11294568,-0.045590315,0.012576465,-0.14216067,0.0037833976,0.19138195,-0.13170856,0.044615325,0.13676621,0.09664629,0.098807506,-0.03250896,0.057328135,-0.19845493,-0.0052247765,0.10199136,0.08734482,-0.10712292,-0.08178034,0.094984815,country
Cuba,0.015908854,-0.31397566,0.26527536,0.03468615,-0.029844698,-0.26713523,0.048501544,0.0292829,0.15200956,0.05808715,-0.07934165,-0.019121531,-0.13531627,-0.09877312,0.0145136025,0.029361032,-0.02841564,0.12499581,0.06832125,0.20201541,0.12544525,-0.11492174,0.24462204,-0.12850417,0.17889099,0.06343059,-0.14131966,-0.12723903,0.18727954,-0.16546175,-0.11268085,0.16981833,-0.022494718,0.18144755,0.05565494,0.016354159,0.08729727,-0.0301956,0.21403527,0.13282675,0.11285383,0.07523717,0.07345711,-0.19064076,-0.118716024,-0.051946457,-0.016102172,0.019502917,-0.045827013,-0.11163854,0.008447441,0.12667169,0.06491237,0.06947876,0.025730327,0.10374273,-0.05654884,-0.24850969,-0.019845277,0.15177742,0.14389406,-0.06832463,0.04104728,0.11499203,country
Colombia,-0.1333038,0.06210263,0.07705595,0.09767892,0.07804313,-0.01631268,0.1081334,0.008007757,-0.13696177,0.10951013,0.2540347,-0.22748832,0.026131064,-0.16337079,0.060667258,0.05459928,-0.08991822,0.17181753,0.13867368,-0.049456358,0.030020477,0.07982664,0.04014885,-0.082042985,0.0021695488,0.04203639,0.08839891,-0.045613673,0.06393937,0.07902039,-0.13028324,-0.024032908,-0.10320196,-0.14233284,-0.26609224,0.14130552,0.03833973,-0.061436072,0.141314,0.09790577,0.14124642,-0.033292286,0.032477412,0.089597784,0.0815879,0.19053477,-0.18082443,-0.29203022,0.058384754,0.18036315,0.17230791,0.19654392,0.28196442,0.11068547,0.13153873,-0.16197932,-0.05207123,-0.024555916,0.008560643,0.17693326,0.119164586,-0.060932867,0.03374713,0.06570992,country
Venezuela,-0.089904636,-0.12003347,0.06482224,0.06472682,0.03019587,-0.14663374,0.15975204,0.012050243,-0.12695307,0.042003468,0.13016447,-0.22749278,0.19144765,-0.08864991,-0.014439743,0.071242265,-0.04341575,0.05311905,-0.0034686793,0.06209798,0.0992794,0.059056584,0.029900651,0.05713229,0.037655815,0.04804203,0.04541877,-0.03232202,0.1003594,0.10802858,-0.19770004,0.038638156,-0.15830101,-0.14049737,-0.25526237,0.19206117,0.06672617,-0.08330073,0.15394257,0.06862946,0.12576967,0.06774794,-0.031888705,0.09983802,0.039028388,0.0076204212,-0.18005124,-0.3331598,0.040517434,0.2072378,0.13571565,0.066553704,0.1772148,0.22659236,0.1782736,-0.1287854,0.00039104384,-0.022884129,0.008256374,0.16855216,0.15279119,-0.10895114,0.021933302,0.07259545,country
Nicaragua,-0.02176156,-0.24030079,0.2176889,0.011558366,-0.0064082853,-0.19368891,-0.1212976,0.020965796,0.14747603,-0.014570789,-0.020273848,-0.25116786,-0.20955805,-0.0002248447,-0.10817787,-0.052641004,-0.09543587,0.13156858,0.10883983,0.14721723,0.17176959,-0.0348514,0.13138852,-0.07127013,0.2010013,-0.002883611,-0.12285631,-0.085987635,0.24559769,-0.09060452,-0.13569658,0.19248664,0.0033536027,0.120026395,0.0009551025,-0.04770174,0.04985799,0.07340372,-0.036584,0.23858546,0.008338732,0.042527866,0.013793005,-0.22912201,-0.15434673,-0.05743117,0.04698277,-0.049307447,0.023461744,-0.01186456,0.10111096,0.059945762,0.14454138,0.09017229,0.083281934,-0.028501801,-0.10944547,-0.14784859,0.093833715,0.11621632,-0.040154643,-0.02123079,-0.022732908,0.059812393,country
Guatemala,-0.0860035,-0.28247097,0.24545819,-0.018696692,0.0013095327,-0.24265026,-0.04381192,0.026294075,0.108630836,0.078673474,-0.12422794,-0.110636346,-0.19021969,-0.012929755,-0.04667526,-0.019796679,-0.12117669,0.043968447,0.00880827,0.24621028,0.06793111,-0.010762238,0.23382024,-0.13542853,0.17538026,0.028797217,-0.121773094,-0.07678801,0.17403059,-0.06594835,-0.11582196,0.111337505,-0.07558093,0.15366429,-0.0780174,0.14793567,0.05868053,-0.053897876,0.13284475,0.17058635,0.0590057,0.034061525,-0.0029409553,-0.061311305,-0.16064668,-0.06487673,0.07083869,0.0072726486,0.0517538,-0.03220376,0.082222655,-0.017514775,0.18867023,0.055586725,-0.006661237,-0.044796113,-0.114353545,-0.12564668,0.0046339906,0.11368019,0.08739701,-0.08728422,0.115994394,0.15886943,country
Peru,-0.037294112,0.015183621,-0.045649424,-0.016670551,-0.049061798,0.040389337,-0.014347932,0.11881946,-0.17436035,0.07046014,0.24752854,-0.255253,0.17922617,-0.19822657,0.100381605,0.09685509,-0.054474514,0.1565411,0.18790781,0.018945798,0.07145283,0.039884,0.05501342,-0.03088159,-0.063494965,0.13252085,-0.0058731646,0.0037123668,0.093145005,0.045233175,-0.15740441,0.11648527,-0.23535118,-0.13424622,-0.13426746,0.14533725,0.0014373179,-0.062454887,0.13561274,0.07933976,0.13727437,0.04256154,0.058923252,0.009167243,0.09364373,0.08678995,-0.10677669,-0.31745857,0.0588996,0.09238084,0.17935823,0.07826855,0.18764623,0.29801717,0.18134524,-0.088736355,-0.03615961,-0.057331987,-0.026422026,0.11169218,0.13946374,-0.13784647,0.004181665,0.16316226,country
Honduras,-0.03362764,-0.30126935,0.28941506,-0.0031058635,0.07932329,-0.14032862,-0.11518523,-0.014410551,0.06730606,0.054155167,0.05459222,-0.1627802,-0.26492056,-0.06274494,-0.07967265,0.042881932,-0.11917768,0.08571621,-0.008493521,0.12072572,0.12625663,-0.13682058,0.24930108,-0.19767165,0.23216455,0.03242239,-0.18463823,-0.06498829,0.1910405,-0.13576841,-0.076034,0.12973589,-0.018773276,0.15428564,0.057724033,0.073989056,-0.013262702,-0.02324101,0.07687481,0.12925996,0.14668223,-0.009436105,0.079210214,-0.15963079,-0.18987669,-0.0038198952,-0.02257585,0.020835051,0.026640212,-0.062905796,0.029462483,0.033520862,0.15502067,0.03418365,0.028930653,0.0055931,-0.19470876,-0.13798708,0.11011657,0.035036493,-0.10775329,-0.08879383,0.078765996,0.050317418,country
Ecuador,-0.004011277,0.04962666,-0.045292754,-0.032040928,0.1726288,-0.0064490777,0.0645351,0.08775981,-0.23171335,-0.05158229,0.17789136,-0.28114033,0.11416943,-0.21742651,-0.002129473,0.06520502,-0.11645834,0.23718043,0.13581766,-0.0072278953,0.018486926,0.03339995,0.074877284,-0.018622465,0.035707824,0.07943539,0.13773714,0.0028782643,0.2956859,0.067664765,-0.16196932,0.060156412,-0.102067165,-0.21571834,-0.21420503,0.15746579,0.090936646,-0.026244547,0.13564608,0.023246294,0.20421286,-0.11627836,-0.07077068,0.076184936,-0.07569403,0.04656031,-0.0699825,-0.27313778,0.041581616,0.055847846,0.21858127,0.09904992,0.12991223,0.2471188,0.17401145,-0.12309409,-0.0428571,-0.13349564,0.015079617,0.15895693,0.06447399,-0.009837321,-0.002140457,0.08934194,country
Panama,-0.013003505,-0.31520632,0.2339945,0.04219788,0.054755554,-0.18990794,-0.12812066,-0.040634517,0.09041181,0.16192429,-0.13084657,-0.12862527,-0.27104855,-0.089071415,-0.009555169,-0.011035742,-0.04259148,-0.028993418,0.15444233,0.13616829,0.15104641,-0.08051317,0.25947112,-0.13463126,0.099290825,0.068661004,-0.104699716,-0.00051458314,0.21015409,-0.16057451,-0.15744388,0.07947532,-0.032246973,0.117372155,-0.08734145,0.03993228,-0.035252634,-0.056775216,0.06782704,0.24061033,0.06797213,0.092016526,0.09513604,-0.19755158,-0.14521329,0.05530878,0.04624112,-0.07942798,0.06004045,-0.094257325,0.01350167,0.112419814,0.07505296,0.093562834,-0.015933404,0.06018206,-0.10058944,-0.09361606,0.049732134,0.176627,0.05684701,-0.01303894,0.04160762,0.14113899,country
Bolivia,-0.0067898836,-0.0015457427,0.0063931174,-0.07324764,0.080576114,0.0038071924,0.096884444,0.16007534,-0.1338175,0.03442493,0.29577482,-0.2001753,0.15729983,-0.13437034,0.13982119,0.016540816,-0.14824073,0.14821158,0.12622258,-0.03037838,0.067039326,0.10454831,0.017164271,-0.08602765,0.023925886,0.05760968,0.077212684,-0.07367839,0.110251606,0.08099433,-0.19581252,0.099491484,-0.04905104,-0.18834692,-0.0765948,0.16940975,-0.011959323,-0.069436386,0.24348803,-0.05235567,0.06460036,-0.09271836,0.0009455213,0.007137849,-0.00087131106,0.06538103,-0.24890949,-0.32149124,0.028703684,0.13816307,0.18578492,0.10120389,0.1922275,0.30899355,0.12771316,-0.0623054,-0.16744931,-0.027674418,0.034126554,0.17918672,0.03180917,-0.14888722,0.07260045,0.09364874,country
Uruguay,-0.1425118,0.0067554377,0.006379462,0.0672199,-0.00035590862,-0.03934422,0.12454367,0.026979577,-0.24059951,0.078137495,0.26329112,-0.3271501,0.24426772,-0.13487352,0.18249425,0.008780577,-0.10683773,0.024950841,0.025366154,0.1584233,0.06867832,0.052694462,0.0855898,0.07382327,-0.02437609,0.0994493,0.048873574,-0.048631664,0.16627465,-0.039173122,-0.2122864,0.043064456,-0.09842565,-0.11934416,-0.19458802,0.18222076,-0.070600174,-0.03348103,0.17115551,-0.0048772027,0.15800515,0.0058680056,-0.10969804,-0.043387078,0.071328074,-0.08947631,-0.17422001,-0.2153242,-0.0071604946,0.11048927,0.17013349,0.04895132,0.15854944,0.27320775,0.08435053,-0.090377524,-0.118563466,-0.08322605,0.0007955877,0.14837037,0.05911062,-0.12511499,0.067314066,-0.039307136,country
El Salvador,-0.036804255,-0.27083972,0.3812283,0.0007345428,0.047167774,-0.15760092,-0.1917109,0.054567277,0.18718149,-0.052208953,-0.17751753,-0.044338595,-0.060033392,-0.045075633,-0.099144846,0.10672457,-0.18122108,0.14217466,0.03515105,0.28372085,0.061123375,-0.008131172,0.21480902,-0.12301564,0.27585235,-0.08217708,-0.05813746,-0.10059883,0.19574353,-0.09172756,-0.101081565,0.11950873,0.14008921,0.16961494,0.0014888624,-0.040204328,-0.13369472,0.009762532,0.07725995,0.34811428,0.13384095,0.026387494,0.09832603,-0.08308861,-0.14511444,0.05778643,0.055497825,0.04616028,-0.052039173,-0.05834278,0.04915586,0.053752255,0.2118697,0.16410278,-0.03378461,-0.037321866,-0.18474856,-0.18336703,-0.0019568899,0.06927631,0.06152722,-0.10343359,0.02065793,0.21449518,country
Paraguay,-0.14720705,0.018822769,0.02299315,0.090474,-0.120147206,0.12097744,0.027111677,-0.013789079,-0.23608713,0.040755447,0.1482422,-0.3619987,0.2193957,-0.20551306,0.19219737,0.0015257661,-0.17904162,0.15993932,0.1822857,0.045550525,0.010456473,0.14439848,-0.0969626,0.17771012,-0.01663603,0.015653282,0.10238639,-0.025462653,0.23205528,0.20520017,-0.22951557,0.18550502,-0.07582207,-0.11963183,-0.24448979,0.13706866,-0.046960443,-0.09796668,0.02161704,0.038013227,0.20523453,-0.037493404,-0.0016611511,-0.001270183,0.17871623,0.060584918,-0.15015066,-0.26269114,-0.11083121,0.13813004,0.06880862,0.17309874,0.26372567,0.3003451,0.050355755,-0.23368642,-0.053548153,-0.0806711,0.065076254,0.14636259,0.10976654,-0.18631147,-0.09257263,0.2290894,country
Costa Rica,0.14892554,-0.4756826,0.2822352,0.026135355,-0.017198434,-0.009450767,-0.243011,-0.012503711,0.20980163,0.060529474,-0.2526158,-0.06070096,-0.2199279,-0.043185875,0.077981606,-0.023131294,-0.14459924,0.19475412,0.027239548,0.22839719,0.2749821,0.054003272,0.18051048,-0.04129978,0.34566814,0.07008451,-0.22621408,-0.08129307,0.2038227,-0.26961547,-0.14463983,0.3660334,0.04292032,0.06301723,0.09386717,0.089515895,-0.095508985,-0.033430766,0.09889034,0.32914495,0.13812542,0.10507986,0.12163364,-0.08242168,-0.34500617,-0.09969309,0.045233496,0.025326716,-0.05529361,-0.15056169,-0.11921843,-0.20334539,0.1962219,0.15444839,-0.06630841,-0.053560663,-0.11356138,-0.34161398,-0.04102753,0.06899458,-0.05538565,-0.015777264,0.0677853,0.4021801,country
Dominican Republic,-0.08855741,-0.4019169,0.32299098,-0.0014892154,0.009822184,-0.18108177,-0.15323578,-0.002048272,0.17403643,0.06735257,-0.18287359,-0.032379787,-0.17442462,-0.03512814,-0.09773503,0.041273076,-0.1621583,0.12807953,0.10538215,0.14795867,0.14332645,0.07862764,0.14697404,-0.13650952,0.19352657,-0.05447242,-0.14819942,-0.103901505,0.2712183,-0.07648553,-0.07209757,0.22396366,0.12810904,0.22456113,-0.04902416,0.039891947,-0.0657313,-0.007286059,0.09811527,0.22717196,0.032154787,0.062097307,0.0937312,-0.12246508,-0.092437215,-0.027503664,0.099963546,0.10238469,-0.02765213,0.048943095,-0.10623523,-0.040454872,0.1228743,0.1653631,0.020099612,-0.06144815,-0.10028314,-0.14171974,0.027271815,0.16227354,0.08812296,-0.13195194,0.050638095,0.22270979,country
Equatorial Guinea,-0.1976321,-0.3061306,0.15852226,-0.011288437,0.12964661,0.0753661,0.01663266,0.1458171,-0.22866958,-0.08796283,0.085519016,0.2039912,-0.55220765,0.18450369,0.072958305,-0.020153454,0.14147949,0.23759316,0.113553114,0.3174308,-0.0161292,-0.09235411,0.12956321,0.14579836,0.2816178,-0.009986867,0.14875709,0.28759924,-0.05334925,-0.055361625,-0.06301895,-0.10370247,0.026059091,-0.3010075,-0.07450696,0.07252008,-0.10050018,0.15936106,-0.062481884,-0.18720618,0.23470505,0.18481585,0.004592441,-0.022794481,0.3902474,-0.11508823,-0.110496454,-0.0746035,-0.18151224,0.052263707,-0.2081046,-0.15869686,0.45761546,0.12954682,0.24032912,0.20872805,0.23826505,0.055809177,-0.25686753,0.14615518,-0.1556426,0.11893489,-0.14145325,0.39482749,country
Ghana,-0.10913377,-0.20651338,0.02449674,0.092209086,0.11547372,-0.0590374,0.1034575,0.19078068,-0.0011403854,0.1307747,-0.014917713,-0.11278391,-0.35537967,0.08961539,0.027272264,0.16464227,0.16132714,0.13775341,0.12793364,0.22832721,-0.013695885,0.012165938,0.13261576,-0.01481683,0.010468362,0.053964995,0.06370814,0.116152145,0.10505128,0.010241721,-0.010444402,0.05952577,-0.14395109,-0.10029497,-0.16351846,0.08527185,0.011121725,0.1504738,-0.026223345,-0.25662258,0.03503004,0.15640819,0.029474158,-0.13922645,0.27375472,-0.116712004,0.061668728,-0.05995014,-0.20075294,0.008906376,-0.07945554,-0.08126654,0.32499522,0.113006175,0.28379956,0.25451565,0.14585991,0.08005281,-0.06727195,0.070213646,-0.20394768,-0.0068326294,-0.09700047,0.110446244,country
Uganda,-0.23232199,-0.216517,0.036457244,0.030358272,-0.023273759,-0.121781155,-0.024121253,0.23258154,-0.10611831,-0.1549413,0.12780993,0.031614073,-0.44297627,0.25020802,0.07613106,0.08772787,0.08657548,0.11321087,0.13869917,0.20453389,0.0009315402,0.04057205,-0.04624872,-0.0530459,0.05476721,-0.054360017,-0.00809561,0.11808524,0.081936814,0.005797871,0.06622545,-0.059239507,0.07645318,-0.028753374,-0.07627167,-0.011069759,-0.107215345,0.010984855,-0.14183138,-0.20677583,0.07568824,0.13595562,-0.026326187,-0.15091306,0.29450113,-0.14352262,0.035337143,0.14003976,-0.3078359,0.038067773,-0.07635256,0.015327044,0.4951948,0.250085,0.25474173,0.16898379,0.09216375,0.12419615,-0.116048865,0.23913538,-0.12451386,-0.113301225,-0.054351997,0.20296754,country
Kenya,-0.2725623,-0.28589332,0.04382311,-0.076834805,0.14392619,-0.09685155,0.049630255,0.1067275,-0.12000735,-0.12648353,0.03350281,-0.013075468,-0.36650765,0.1870492,0.058805183,0.09051506,0.1465261,0.11712883,0.23946257,0.24559423,0.09627015,0.12114614,0.008164447,-0.008789867,-0.031294327,0.007332836,0.16937155,0.16539879,0.19485947,-0.008931416,0.0025822485,-0.04067425,-0.0022496544,-0.16570756,-0.13023156,-0.030533455,-0.13786161,0.08373395,-0.06049798,-0.086894155,0.13983423,0.105395205,-0.044976152,-0.24988301,0.3762108,-0.20632999,0.032748632,0.15172812,-0.30039003,-0.06689652,-0.14822055,-0.06793352,0.34416887,0.1765904,0.2236353,0.16959007,0.079806626,-0.031202173,-0.23912242,0.1634043,-0.055764318,0.045424085,-0.044285093,0.13595852,country
Republic of the Congo,-0.26502058,-0.1835207,0.023326002,0.077458665,0.059763584,-0.086376816,0.027081896,0.093792826,-0.21566062,-0.0027785175,0.035776246,-0.050681952,-0.47645745,0.20148401,0.055171993,0.15478146,0.13074616,0.20865904,0.13682428,0.28092206,0.06199124,0.023919037,-0.027993243,0.07067346,-0.01187935,0.026798245,0.08841576,0.1653794,0.12482494,0.07390215,0.0022950454,-0.0012271156,0.113058366,-0.10855687,-0.16457371,-0.09251605,-0.12357993,0.09173707,-0.11167348,-0.14170378,0.08703082,0.16857748,0.13613127,-0.11399742,0.3224328,-0.15763229,0.13893773,0.07731,-0.38516432,0.059980903,-0.1171618,-0.111548215,0.38774106,0.18838298,0.21801959,0.17556559,0.0023292352,0.032454215,-0.11608388,0.28665906,-0.100466065,-0.057847574,-0.08680944,0.18608905,country
Fiji,-0.34734747,-0.13197595,-0.0032234446,0.17814718,0.14972547,0.025841357,-0.01988671,0.13781239,-0.17367016,-0.19731233,0.17944254,-0.102049544,0.13223457,-0.25735226,0.18932687,0.11740028,-0.3554792,-0.27689606,0.21979976,0.071421295,-0.018566206,0.12554456,0.09113989,-0.057700712,0.013497445,-0.13727124,-0.21295483,0.00064484286,-0.26634097,-0.062242717,0.25191957,0.21964481,-0.09401794,-0.078831464,0.2232675,0.010708406,0.015615133,0.14775072,-0.044984847,-0.124353744,0.10027433,0.18308644,-0.033745844,-0.22816786,-0.051687974,0.05565874,0.10078763,0.38301018,0.028605834,0.05673013,-0.19766134,0.11352592,0.05938521,0.33309165,0.12604553,0.21917821,0.026749162,-0.36791825,-0.058656756,0.22289635,0.071677655,-0.2700403,0.022949642,-0.1355013,country
Croatia,0.040148128,-0.06331175,0.090326525,0.028172389,-0.034319274,-0.037202142,-0.002643717,0.091362,-0.04264079,-0.3866363,-0.015367477,-0.084547,-0.09319094,0.028851507,0.120023,0.2993471,0.022959419,-0.09511042,-0.009552048,0.044398706,0.08182945,0.15977718,0.117975615,-0.016952781,0.022840774,-0.05533905,-0.07991206,-0.020155339,0.061536256,-0.0039725406,0.076042056,-0.10420301,0.038405456,-0.0024489553,-0.10634098,0.02826374,0.047456373,-0.0522761,0.13036747,0.059406318,-0.08211057,-0.21950011,-0.011911668,-0.04139965,0.021609709,-0.018809993,0.09078894,-0.060945295,0.009273957,0.2886726,-0.21913072,0.06250294,0.11658629,0.026147282,0.12372794,-0.048459,-0.019696789,-0.061918575,0.05072944,0.13513471,-0.13541272,-0.041435935,-0.13667378,0.021858169,country
Bosnia and Herzegovina,-0.0052568247,-0.17648037,0.05443567,0.01832938,-0.1040877,-0.02109091,-0.10542711,0.17345344,-0.17785494,-0.17459759,-0.049015563,-0.10732031,-0.0949199,0.07317136,0.102647915,0.25704417,-0.07075541,-0.006961881,0.026847724,-0.030053012,0.020153007,0.06473861,0.0415489,-0.07516105,0.0063820207,-0.19483218,-0.03993245,-0.016183242,-0.003135473,0.073308066,0.16846676,-0.060379438,0.023294155,-0.09957834,-0.016492711,-0.02311724,0.09061926,-0.03539481,0.12919895,0.10318372,-0.098304264,-0.13227889,0.090103924,-0.092190094,-0.006347111,-0.027213873,0.03098085,-0.11999525,-0.04069493,0.34411725,-0.20693253,0.1647561,0.14672416,0.092322044,0.08827941,-0.03254508,0.04109724,-0.09912429,0.02233831,0.024994254,0.027581256,-0.14183387,-0.080088064,0.03070065,country
Jamaica,-0.08468055,-0.3170155,0.27338764,-0.08035285,-0.06439066,-0.097590394,-0.16211328,0.02341634,0.14324994,-0.0039127646,-0.05804821,-0.101076365,-0.1417961,-0.07583043,-0.03430324,0.041671067,-0.124054275,0.118546955,0.093270816,0.17781913,0.1174372,-0.050392773,0.17801006,-0.075940534,0.102316916,-0.040159177,-0.20770657,-0.013829269,0.24656358,-0.09194173,-0.0553775,0.19152312,0.15097648,0.09928962,0.10926956,0.019212876,0.026361946,-0.04820914,0.12625997,0.26059678,0.16627355,0.100161344,0.08040021,-0.08047904,-0.20881958,-0.00030699855,0.050023414,0.062575206,0.09418157,0.03967615,-0.1741839,-0.019411273,0.24869679,0.06321261,0.04248073,-0.10197139,-0.06482322,-0.27774447,0.018561464,0.18094018,0.09059835,-0.089713186,0.029165486,0.15862367,country
Barbados,-0.095760636,-0.28463143,0.40442964,0.040542677,0.032661635,-0.14914809,-0.33998826,-0.008669836,0.08370806,-0.08923524,-0.101701096,-0.04510461,-0.08329662,-0.0069826897,0.009870974,0.008171741,-0.21452574,0.17313889,-0.0528845,0.15218285,0.22977482,-0.057210315,0.120994925,-0.17843115,0.059822083,-0.09833312,-0.11029054,-0.09292227,0.21292543,-0.08110544,-0.031418834,0.086856596,0.13561133,0.13225758,-0.009525427,0.06415046,-0.03524903,0.02680104,0.107217334,0.29218885,0.1749312,0.06662488,0.13841395,-0.08626173,-0.10441449,-0.0053281253,0.024827853,0.013670742,-0.059640698,0.018848704,-0.058424663,-0.04462164,0.17874847,0.06239542,0.009690999,-0.039323766,-0.2230297,-0.20879495,-0.017193804,0.19698356,0.015563018,-0.07619563,0.0027455578,0.2612306,country
Taiwan,0.028493367,0.18252452,0.1557027,-0.020268386,0.072681196,-0.21270329,0.2366233,-0.03104475,0.013371027,-0.025327684,0.27866855,-0.21327016,-0.16854204,0.065644935,0.09196403,0.03300629,0.011623787,-0.018487744,-0.11669466,0.15126012,-0.048094913,-0.039992563,0.04773996,-0.0130563965,0.1547784,0.14430939,-0.05108473,0.10764758,0.15588361,-0.040987767,0.010455096,-0.051249973,-0.10962636,-0.100903794,-0.08083346,0.019835055,-0.031282652,0.005994806,0.043777585,0.1534189,0.013605035,0.113986716,-0.053431425,-0.3009862,-0.08801404,0.10992799,-0.12311522,-0.083329305,0.036548447,0.032099623,-0.11594281,0.13092211,0.27698323,-0.08779973,-0.10660881,0.043565884,0.05025591,-0.13668627,0.047283158,0.112458706,-0.044213716,-0.07515828,-0.03260039,0.044052206,country
New Zealand,-0.31192058,-0.015682338,-0.020916637,0.11438576,0.069826685,0.11720549,-0.11691608,0.1189247,-0.2068372,-0.21411066,0.25152248,-0.13092682,0.06421017,-0.26567823,0.21158437,0.24330142,-0.23068452,-0.3385914,0.28027323,0.065063596,-0.023802726,0.08190149,0.23243676,-0.09531635,0.15992823,-0.105833665,-0.3316391,-0.02270416,-0.3070023,-0.102318205,0.21795326,0.22750422,-0.24366714,-0.10180701,0.22670633,0.052166823,-0.10276719,0.009484925,-0.13636445,0.06978035,0.004301249,0.1657302,-0.0082261,-0.09930062,0.013133088,0.03550012,0.13759911,0.42123955,0.110465795,0.05558561,-0.20091146,0.08000361,0.094473675,0.29857194,0.1932751,-0.011212637,-0.11608179,-0.2879518,-0.09879014,0.2068408,-0.10837853,-0.2494928,0.08553232,-0.091388315,country
Ethiopia,-0.28313902,-0.21835275,-0.049152628,0.10578206,0.027003562,0.0063526565,0.04427997,0.11105473,-0.2101127,-0.08212865,0.083170384,0.17644241,-0.6197667,0.1943035,0.24675162,0.019431172,0.15285909,0.21201374,0.25027183,0.38135314,-0.029288456,-0.102801286,0.036959283,-0.12307875,0.13922076,-0.030245412,0.07702618,0.18722245,-0.0028412752,-0.20168725,0.03924152,-0.07195687,0.15053646,-0.27356237,-0.02043829,-0.056793485,-0.18028012,0.113016926,-0.04666622,-0.25719813,0.18324938,0.20192422,0.020018049,-0.07156622,0.38912594,-0.21373565,-0.06157203,-0.015920023,-0.27370417,0.042076606,-0.21059892,-0.18660377,0.53430784,0.18393889,0.19322397,0.22165813,0.0032078305,0.05920372,-0.30914703,0.13282377,-0.15443175,0.0054970314,-0.1814351,0.20257625,country
Georgia,0.0033682056,-0.08499852,0.093926184,-0.007599226,-0.054350283,-0.08360168,0.07843935,0.001470291,-0.04690003,-0.26761743,-0.14644447,-0.16536048,-0.058870386,0.064337164,0.034563318,0.40317145,-0.09427998,-0.13062294,0.066406965,0.14137088,0.06126147,0.054931905,0.01730892,0.065517284,-0.082422234,-0.0068886653,-0.080261886,-0.052564673,0.019896895,0.04371926,0.14495696,0.03918899,0.08333816,-0.03919435,-0.20638414,-0.13803492,0.06807492,0.019843865,0.17910516,0.09116776,-0.12245839,-0.14818132,0.04352799,-0.024101561,0.10699542,-0.064710654,0.08631976,-0.1160441,0.084475964,0.1425746,-0.19833183,0.1347017,0.060070634,0.00057499314,0.06106874,0.03013603,-0.02424101,-0.14683475,0.060164444,0.07408553,0.046229184,-0.16044696,-0.16435155,0.1152547,country
Estonia,0.14466234,-0.16408445,-0.098964244,0.07094532,-0.0016858001,0.11583361,0.026250724,0.0035787455,-0.12950003,-0.26309818,-0.24047764,-0.25096208,-0.2582042,0.14254625,0.061994977,0.39092788,-0.0722016,-0.12947325,-0.07353916,0.14373298,0.058618996,0.18484095,0.13720694,-0.14111087,-0.042982645,-0.08813297,-0.023087123,0.046629474,-0.1291849,-0.065322995,0.14984092,-0.26610857,0.1190832,-0.16013928,-0.10027131,-0.051668156,0.032733805,-0.07532343,0.14905488,0.058334224,0.05348157,-0.22036068,0.07205236,0.037752,0.015974188,0.069682635,-0.07302009,-0.12381671,0.18816482,0.26759464,-0.2630983,-0.014704372,0.10999104,0.01613299,0.038633436,0.015978595,-0.020745933,-0.080110945,-0.005423488,-0.08769756,0.03535729,-0.0846788,-0.14590092,0.12360433,country
Serbia,0.10197243,-0.16390114,-0.045767013,-0.02309644,-0.08632539,0.19872256,-0.005910298,0.0662691,-0.17285371,-0.299353,-0.22706477,-0.14619702,-0.31478557,0.18679553,-0.014422392,0.2395254,-0.14415497,-0.032501508,-0.12311265,0.13111728,0.10910072,0.16737498,0.1642282,0.0030165343,0.050315887,-0.062656954,-0.048296507,0.016133297,-0.05053644,-0.082288355,0.08101625,-0.14772521,-0.06467125,-0.1569563,-0.06770403,0.012440745,0.086924784,-0.07286396,0.024309559,0.10598395,-0.09758383,-0.17731181,0.09943647,-0.075176746,0.047939513,0.08126768,-0.161005,-0.1886992,0.104345635,0.3166902,-0.31037366,0.09804784,0.02862322,0.018158669,0.024144847,-0.01833183,-0.034115702,-0.10686612,0.061771248,-0.08704711,0.043954078,0.050951652,-0.021584881,0.21357702,country
Trinidad and Tobago,-0.13893172,-0.31385162,0.31979576,0.060416732,-0.031192742,-0.10284841,-0.33015203,0.11585759,0.13479753,-1.0282331e-05,-0.111580044,-0.16091545,-0.07788758,0.04582333,-0.013289992,0.04454296,-0.12536371,0.19833621,0.07661454,0.15143438,0.15975726,-0.026647715,0.12527192,0.0031493837,0.3047621,-0.04391997,-0.14820845,-0.06863279,0.19863117,-0.16214533,-0.09957097,0.19427237,0.13876903,0.15107217,0.047043134,0.082438394,-0.00561425,0.021161312,0.15911683,0.26032266,0.11954102,0.1070457,0.11002697,-0.1482767,-0.20868573,0.0714441,0.13428372,-0.010737403,-0.0666105,0.06156995,-0.0019098109,-0.04477771,0.19267137,0.009435949,-0.03961979,-0.012435035,-0.09916259,-0.17877042,0.108922884,0.13648517,0.0730283,-0.13598873,0.018043933,0.14255898,country
North Korea,0.041731227,0.2551018,0.047702704,-0.19169551,0.07732032,-0.04240402,0.20454244,-0.08201744,-0.007388585,0.1818766,0.19378664,0.0095566325,-0.25666505,0.049905665,0.17771171,0.09755761,-0.19961374,-0.16888861,-0.13985655,0.2525961,-0.14593616,-0.033052064,0.09831938,0.19286071,0.17457058,-0.027671799,-0.122908615,0.18689425,-0.03805519,-0.08664621,0.25622046,-0.17665419,0.2406703,-0.06838674,-0.07952205,0.050430514,-0.1544858,0.021478072,0.16070567,0.25577325,-0.02624163,0.08156421,0.06671121,-0.28664318,-0.13053852,0.20422518,-0.15292335,-0.19941597,0.051294826,-0.08774893,-0.0972992,0.1062082,0.45037368,0.053468857,-0.17463851,-0.08630272,0.16311786,-0.3571801,0.025514295,0.16312762,-0.124791086,-0.16024393,-0.043760765,0.12280301,country
Papua New Guinea,-0.35678357,-0.15091322,-0.10866826,0.25355574,0.23304506,0.17488113,0.007840841,0.13241021,-0.124736816,-0.28770012,0.20199403,0.12082466,0.075535074,-0.25345868,0.3517564,0.30193993,-0.33863872,-0.16724698,0.2231962,0.2989132,-0.16043124,0.068435945,0.20156065,-0.119557895,0.25643444,-0.16258799,-0.21217108,0.10304196,-0.4280313,-0.13724394,0.24501306,0.22454187,-0.30612805,-0.0772326,0.2737316,0.15749729,-0.027868848,0.0032720475,-0.15767977,-0.17692031,0.26275158,0.19490384,-0.05389478,-0.19193545,0.0016916109,0.21420598,-0.032805685,0.42018235,0.16673021,0.060483757,-0.19424355,0.06480074,-0.092693105,0.3967992,0.17666669,0.114570834,-0.17234175,-0.50962085,-0.067843564,0.15544456,-0.10164546,-0.16411854,0.0403517,-0.1593397,country
Myanmar,-0.028098825,0.3596332,0.01268301,-0.21975504,0.031983744,0.12718135,0.11566338,0.04256342,0.009935012,0.1341055,0.25732028,-0.11849126,-0.28618145,0.034367725,0.0784455,0.032330193,0.012674583,-0.18737234,-0.09236459,0.16783328,-0.07052757,-0.07329254,0.13939472,0.0871038,0.06600727,0.036922798,-0.020272061,0.1594689,-0.017819282,0.0057819868,0.2104183,-0.18208832,0.120469965,-0.15320536,-0.10753228,0.15931946,-0.068105884,0.06572761,0.11556633,0.39402923,0.12751907,0.08646956,0.08017628,-0.35198143,-0.10605376,0.28208694,-0.13712342,-0.1459676,0.04499548,-0.07341842,-0.040784765,-0.00022690416,0.42628148,0.08720235,-0.16005242,-0.045149796,0.07067395,-0.3152683,0.029922286,0.14182709,-0.1448948,-0.16564366,-0.16535982,0.17849499,country
Uzbekistan,0.028390363,0.32156914,0.0020004462,-0.16966802,0.014696443,-0.04669979,0.15616022,-0.04941502,0.066642314,0.123950385,0.35737258,-0.052012563,-0.36013955,0.12160474,0.12592767,0.109006874,-0.09014223,-0.19238399,-0.13330019,0.30977386,-0.106847525,-0.022377433,0.061222482,0.17760417,0.27784473,0.060082003,-0.118420124,0.22292061,0.059486933,-0.024126695,0.14659925,-0.1367858,0.077799186,-0.10583676,-0.12560824,-0.04190353,-0.119697995,-0.082536295,0.0027968395,0.36340368,-0.01907992,0.1467674,0.022733554,-0.329595,-0.1289734,0.25366282,-0.15512368,-0.08833096,0.074502245,-0.1008398,-0.04722339,0.16948661,0.30080009,0.05106182,-0.24181876,-0.08202168,-0.042736616,-0.32169354,0.09589286,0.13637742,-0.19723068,-0.14468457,-0.068433486,0.08829218,country
Hong Kong,-0.017789671,0.103391595,0.0339097,-0.18322459,-0.017514186,-0.13130517,0.17070748,0.03315706,-0.0230857,0.15574783,0.29777056,-0.18863556,-0.15083234,0.00904287,0.054068975,0.1578931,0.042310145,-0.09988231,-0.011258511,0.13381621,-0.028048888,-0.08638925,0.11092499,-0.006857985,0.054937925,0.0017416739,-0.044160634,0.105669014,0.106216714,-0.102061525,0.079066195,-0.10261365,-0.10254939,0.0067561986,-0.09494203,0.04743173,-0.033239163,-0.007198889,0.08681993,0.17461549,-0.086688235,-0.0009918312,0.010606985,-0.30078122,-0.15656349,0.14820132,-0.14023364,-0.079933904,0.08219912,0.061423708,0.07254313,0.09973806,0.17186579,-0.002066915,-0.16073376,0.025642812,0.10390103,-0.1889671,0.022929888,0.13721117,-0.041477226,-0.2544571,-0.12906262,0.057758264,country
Sudan,0.14401805,-0.1696141,0.2602463,0.025604822,-0.32559985,0.004246552,0.10658185,0.0001736639,-0.15522233,-0.04412574,0.044755153,0.15193318,-0.013690798,-0.014434586,-0.024922265,0.04620514,-0.17866884,0.049800247,0.022289328,0.22158645,0.10345985,0.14195523,0.021591395,-0.2596674,0.37504914,-0.15001817,-0.17767347,0.18941718,-0.12176944,0.13572298,0.42865667,0.2017651,0.054572515,-0.14931759,-0.28401557,0.13238426,0.12670553,0.2766711,0.24169111,-0.14590935,0.31779948,-0.021854818,0.20637153,-0.05510688,0.09656962,0.20304182,-0.17677309,-0.092973806,-0.04577327,-0.059705198,0.27519733,-0.034928355,0.000111616624,-0.13161354,-0.21648611,0.07050493,0.100280784,-0.116084695,0.13671465,0.0044202544,-0.0490744,0.14564277,-0.1498631,0.033463452,country
Suriname,-0.12743573,-0.06447788,-0.10527195,0.059268225,-0.056952696,0.29415596,0.23773023,0.0076862737,-0.28302383,0.01973927,0.11246499,-0.1760512,0.18217677,-0.1677878,0.11815902,-0.053400125,-0.16999704,0.19353972,0.1609254,0.2828525,0.006514439,0.10307017,0.010657721,0.24663302,0.010676482,0.037981395,0.21350688,0.17725512,0.09059369,0.11479948,-0.3533407,0.065847956,-0.006872641,-0.24893197,-0.1597605,0.19496992,-0.026400493,-0.055310052,0.23742889,-0.033495065,0.32189906,-0.11919524,-0.062965356,0.14428592,-0.06426158,0.13884017,-0.41371953,-0.36576563,0.097955465,0.20590468,0.15494771,0.07919439,0.19715144,0.37798986,0.08048945,-0.24226719,-0.15494198,-0.04414616,-0.009880489,0.2816342,0.058315016,-0.09325751,-0.06575952,0.32228616,country
Kyrgyzstan,0.06506604,0.30066413,0.081269965,-0.16523193,0.042823546,0.044574417,0.15189642,-0.010565932,0.032042254,0.21125814,0.14910896,-0.0041083666,-0.25414756,0.032330696,0.10623592,0.1990932,-0.1053306,-0.1423351,-0.14764589,0.11375039,-0.15822816,0.019077616,0.14973156,0.045955006,0.22227947,0.10026296,-0.0885565,0.21661897,0.0885781,0.067884095,0.28354332,-0.10122369,0.07375525,-0.056741025,-0.10112406,0.13186044,-0.047955714,0.0011635198,0.09110919,0.40863705,-0.019537576,0.07223952,0.017486637,-0.41638443,-0.15579344,0.16084924,-0.12055606,-0.11360368,0.04218764,-0.14798406,-0.10245451,0.07103561,0.33896768,0.102287434,-0.16915151,-0.0745949,0.062873736,-0.2969757,0.0063919164,0.13081762,-0.19749065,-0.08074294,-0.10029632,0.2400861,country
Europe,0.08284435,-0.18487193,-0.17799596,0.16276042,-0.005968417,0.030581303,-0.1800861,0.14188537,-0.16958353,-0.25934786,-0.44866815,-0.30334523,-0.011941152,0.20900643,-0.15266974,0.39063674,0.015690932,-0.12105705,-0.31537542,0.08748269,0.075812794,0.10323794,0.20153265,-0.28492853,0.02657034,0.23511855,0.045724813,-0.06713147,-0.20926441,0.13902384,0.04888106,-0.09045141,-0.061690163,-0.19654083,-0.01865289,-0.19514582,-0.011338819,0.12604663,0.30479714,-0.11307332,-0.25870582,-0.438212,-0.1479928,-0.22505172,0.07849913,-0.013113477,-0.070939265,-0.12567456,-0.08885244,0.23160465,-0.2824039,0.17763491,0.2148088,-0.12509605,0.02219165,0.13385908,-0.077814326,-0.08045293,0.12717813,0.07482615,-0.107522056,-0.22344823,-0.25647032,-0.09020038,region
Asia,0.0823323,0.36867785,0.0006618123,-0.31499425,0.37257797,-0.17114837,0.38897723,0.035501838,0.076959744,0.3657877,0.3382623,-0.10254506,-0.26317042,-0.06188886,0.16173305,0.16340266,-0.14913969,-0.27136314,-0.01929033,0.38242573,-0.0041155424,0.041542504,0.2635472,0.21335687,0.05842058,-0.075969204,-0.09167908,0.06057791,0.10471094,0.050033037,-0.10934866,-0.25177693,0.07872584,0.0952014,-0.028579863,0.20155433,-0.21577744,-0.13213132,0.062151883,0.2849193,0.023910254,0.17614,0.22366561,-0.47792873,0.023290513,0.44860193,-0.07732205,0.0034307556,-0.18765038,-0.03687572,0.021956611,0.27970263,0.24930929,-0.36869058,0.19654697,-0.21002558,0.21999711,-0.34205994,0.2009922,-0.18915923,-0.32714638,-0.1625471,-0.22902489,0.13562831,region
North America,-0.13338001,-0.30221248,0.32658643,0.08788616,-0.062299628,-0.17442852,-0.3430928,0.013226881,0.13910896,0.14051197,0.22202528,-0.21220271,-0.30362573,0.11734841,-0.09838972,0.10713146,-0.38482663,0.21632117,-0.085875824,0.3171365,0.5462587,0.16760892,0.2906689,-0.21202116,-0.10825229,0.21989982,-0.15071991,-0.15589318,0.16469277,-0.18332775,-0.13819906,0.30842862,0.10596013,0.4263704,0.070449434,-0.14261636,0.12575237,-0.14471398,-0.09518409,0.44279018,0.15561609,0.027723087,0.020109536,0.31415936,-0.522756,-0.08467742,0.023432454,0.040069,-0.019189429,-0.32631198,-0.009139644,-0.21129245,0.13133055,0.03379223,-0.069130026,0.26519284,0.09517433,-0.44294372,-0.33753216,0.1672307,0.16789122,0.047304757,0.12961596,0.3732492,region
Africa,-0.48068592,-0.29048237,-0.025892885,-0.107192256,0.18771917,-0.22843076,-0.0037730052,0.15742885,-0.26168293,-0.19825192,0.091476165,0.123289526,-0.67134964,0.3155742,-0.0070436844,0.058085337,0.12797871,-0.006961171,0.5331425,0.044031236,0.009523509,-0.24857149,0.10111118,0.10337896,0.34018728,0.062738635,0.30803105,0.07255809,0.5531003,-0.274836,0.2582703,-0.30203953,0.2133465,-0.28317168,-0.043710683,-0.021351982,-0.09459532,0.05923909,-0.2433822,-0.4025892,0.25240237,0.33718815,-0.35848984,0.023401378,0.6428391,-0.190971,0.12121116,-0.070123866,-0.14372396,0.056588687,0.053654455,-0.19159374,0.33066866,-0.01249346,0.12609047,0.38767764,-0.06011055,-0.08437114,-0.02426985,0.26946804,0.052844718,-0.06207931,-0.20746544,0.365403,region
Middle East,0.26972204,0.07447172,0.50076383,0.07500498,-0.31474343,0.112677015,0.09390673,0.11388629,-0.049350917,0.11971935,0.36921751,-0.11479578,0.050278,-0.10474004,-0.031112358,-0.03986252,0.082760006,-0.24286614,0.1715259,0.119220905,0.25318527,0.30985266,0.19189325,-0.4569528,0.44465157,-0.40202498,-0.14735116,0.18962482,0.12636174,-0.07374437,0.27072662,0.3843396,0.1980828,-0.19464411,-0.6470739,-0.012289254,-0.00025645227,0.23232494,0.12980801,-0.08044668,0.1030089,-0.025206864,0.3022143,-0.10212869,0.18822835,-0.1789371,-0.075620994,0.18694454,-0.05157003,0.16448706,0.22788356,-0.21434304,-0.24346693,0.0006867965,-0.1648791,-0.12086181,0.039770674,0.1761762,0.0048117144,-0.04508894,0.018320097,0.13275763,-0.023377033,-0.10044649,region
Oceania,-0.22735518,0.09265174,-0.103802614,0.35158637,0.36764362,-0.042035677,0.23535945,-0.06745082,-0.25063324,-0.4153369,0.11002271,0.12912755,0.40206748,-0.11709793,0.41348043,0.39553648,-0.2857196,-0.03997389,0.3077215,0.22414652,-0.13182451,-0.25429082,0.24088676,-0.09304267,0.33679757,-0.24458228,-0.09186974,0.15333341,-0.32648087,-0.01551299,0.36440223,0.46288192,-0.43688422,0.0010383504,0.2526688,0.13607523,-0.041370124,0.26512754,-0.11636763,0.16970289,0.31516328,0.3914881,0.0326384,-0.12560712,-0.16080743,0.01107982,0.3082263,0.33653182,0.17773764,0.18973897,-0.4439968,0.07499096,-0.08941761,0.4678817,0.27935266,0.2566041,-0.05417709,-0.4143559,-0.2658757,0.1526042,-0.13323766,-0.5295266,-0.001655724,-0.32773092,region
South America,-0.056156468,-0.09352224,0.21130347,0.20892385,-0.09158798,0.013417229,0.08369769,-0.101254165,-0.26965845,-0.09820864,0.12972622,-0.18598719,0.18533605,-0.3181326,0.03364285,-0.3397009,-0.10360428,0.17471272,0.5225378,0.3056751,-0.25885704,0.41013482,-0.14624056,0.30927765,-0.1463765,0.21615666,0.41307712,0.19695322,0.064180344,0.2474504,-0.20178702,0.011563246,-0.3812529,-0.16294053,0.08541276,0.039406516,0.14649178,-0.26757234,0.20889466,0.034210794,0.03279532,-0.11138349,0.17710546,-0.037934143,-0.034298085,0.070334,-0.17265725,-0.33901486,0.27719656,0.1723166,0.5360223,0.1256504,0.2896191,0.23448361,0.31599012,-0.3553821,-0.13274284,0.037332978,0.07997206,0.55409724,-0.14442922,-0.1654174,0.20954514,0.21155657,region
